transaction_id,user_id,date,payee,amount,is_scam
771316ae,1,2026-06-07 18:11:53.839783,Temple Donation,393,False
7aba1085,1,2026-06-17 12:22:53.839783,Local Pharmacy,189,False
427b2ac7,1,2026-06-23 15:00:53.839783,Gas Agency,438,False
22b75abb,1,2026-06-24 20:08:53.839783,Temple Donation,128,False
0b7cd60a,1,2026-06-26 09:56:53.839783,Son,178,False
27561fff,1,2026-06-28 16:45:53.839783,Local Pharmacy,398,False
30067569,1,2026-07-01 11:16:53.839783,Gas Agency,336,False
543ff54d,1,2026-07-03 09:22:53.839783,Temple Donation,306,False
187d5b3f,1,2026-07-05 19:19:53.839783,Son,181,False
46b9c5f2,1,2026-07-06 08:52:53.839783,Son,86,False
94f1ea41,1,2026-07-08 18:43:53.839783,Temple Donation,355,False
d0aa61f8,1,2026-07-09 14:07:53.839783,Grocery Store,584,False
61ac9d22,1,2026-07-11 14:26:53.839783,Temple Donation,309,False
302719c0,1,2026-07-13 12:24:53.839783,Son,450,False
2112d772,1,2026-07-14 10:21:53.839783,Local Pharmacy,434,False
0ef4fa34,1,2026-07-15 15:41:53.839783,Son,180,False
68cb3329,1,2026-07-17 12:08:53.839783,Temple Donation,288,False
53beedcc,1,2026-07-26 08:05:53.839783,Local Pharmacy,190,False
fe621a21,1,2026-07-27 20:03:53.839783,Grocery Store,407,False
9deeab49,1,2026-07-30 21:25:53.839783,Son,262,False
8837c217,1,2026-08-03 19:33:53.839783,Temple Donation,292,False
24a71bc1,1,2026-08-04 18:03:53.839783,Son,247,False
ff55a7fc,1,2026-08-08 11:28:53.839783,Son,393,False
a0074c7a,1,2026-08-18 10:39:53.839783,Grocery Store,403,False
1b2990f8,1,2026-08-21 10:37:53.839783,Grocery Store,357,False
dc04416d,1,2026-08-23 19:55:53.839783,Gas Agency,440,False
59028f32,1,2026-08-30 12:40:53.839783,Son,405,False
d3a76b15,1,2026-08-31 08:21:53.839783,Son,324,False
36b858e3,2,2026-06-05 10:20:53.839783,Electricity Board,121,False
b4d76bdc,2,2026-06-07 17:10:53.839783,Cable TV,299,False
8562880c,2,2026-06-12 10:29:53.839783,Grandchild,154,False
11bcde08,2,2026-06-15 13:35:53.839783,Local Pharmacy,210,False
09eedcc0,2,2026-06-20 20:29:53.839783,Local Pharmacy,295,False
68f3ee47,2,2026-06-21 18:46:53.839783,Son,229,False
5229fef0,2,2026-06-23 09:37:53.839783,Daughter,89,False
6b8dfb9c,2,2026-06-25 18:49:53.839783,Cable TV,315,False
a2f011d0,2,2026-06-27 09:24:53.839783,Son,73,False
c0598049,2,2026-07-07 13:25:53.839783,Son,130,False
d8842465,2,2026-07-08 20:09:53.839783,Daughter,191,False
c8b50427,2,2026-07-09 15:57:53.839783,Son,233,False
feceddce,2,2026-07-11 12:00:53.839783,Daughter,205,False
09dca60b,2,2026-07-12 20:44:53.839783,Daughter,254,False
3cebe536,2,2026-07-17 09:29:53.839783,Local Pharmacy,259,False
7850f007,2,2026-07-19 10:48:53.839783,Grandchild,165,False
5d968d16,2,2026-07-25 15:50:53.839783,Electricity Board,239,False
f4b3f440,2,2026-07-26 21:38:53.839783,Electricity Board,260,False
7b24c7fe,2,2026-07-28 21:26:53.839783,Son,213,False
b2421021,2,2026-08-01 11:16:53.839783,Cable TV,179,False
261fcbae,2,2026-08-04 09:21:53.839783,Grandchild,244,False
8c3453ff,2,2026-08-06 09:15:53.839783,Electricity Board,188,False
0d487f43,2,2026-08-07 19:53:53.839783,Electricity Board,251,False
72c3efc1,2,2026-08-08 09:10:53.839783,Grandchild,272,False
3b43548c,2,2026-08-09 21:54:53.839783,Daughter,201,False
3c515651,2,2026-08-14 18:27:53.839783,Cable TV,218,False
3e967292,2,2026-08-16 18:59:53.839783,Daughter,73,False
894635fe,2,2026-08-27 08:35:53.839783,Son,132,False
cf23bdb6,2,2026-08-29 16:54:53.839783,Son,245,False
fd528968,2,2026-08-31 17:44:53.839783,Local Pharmacy,176,False
6064adea,3,2026-06-05 08:21:53.839783,Grandchild,310,False
ce43979a,3,2026-06-06 20:29:53.839783,Son,265,False
5928b7df,3,2026-06-17 09:29:53.839783,Son,216,False
7af146cc,3,2026-06-19 14:33:53.839783,Water Bill,165,False
2bd10bc8,3,2026-06-21 10:31:53.839783,Newspaper Vendor,133,False
d20a44f8,3,2026-06-24 20:19:53.839783,Son,253,False
a436d69f,3,2026-07-01 21:16:53.839783,Grandchild,171,False
c70e061a,3,2026-07-16 15:25:53.839783,Son,88,False
65786b5c,3,2026-07-17 10:49:53.839783,Temple Donation,252,False
7151784c,3,2026-07-19 21:27:53.839783,Newspaper Vendor,137,False
0478d76c,3,2026-07-24 15:48:53.839783,Son,207,False
2a05865b,3,2026-07-25 15:54:53.839783,Temple Donation,67,False
b7cfd98c,3,2026-08-01 08:29:53.839783,Son,260,False
86d1f336,3,2026-08-04 12:53:53.839783,Son,243,False
75dc8355,3,2026-08-06 20:57:53.839783,Grandchild,164,False
a26110fb,3,2026-08-08 13:40:53.839783,Son,190,False
e9562290,3,2026-08-10 16:51:53.839783,Water Bill,208,False
48b3305b,3,2026-08-11 11:16:53.839783,Water Bill,251,False
8b78bd85,3,2026-08-12 13:07:53.839783,Temple Donation,299,False
8fdc00fe,3,2026-08-13 20:40:53.839783,Son,261,False
b2a3e8a8,3,2026-08-19 15:06:53.839783,Son,233,False
e53be8c1,3,2026-08-20 08:43:53.839783,Grandchild,145,False
e11aecc4,3,2026-08-22 12:00:53.839783,Temple Donation,174,False
c2faca66,3,2026-08-24 08:52:53.839783,Grandchild,153,False
bd535856,3,2026-08-26 20:08:53.839783,Son,183,False
8a3d4448,3,2026-08-28 08:33:53.839783,Son,179,False
35a684c8,3,2026-08-29 17:01:53.839783,Newspaper Vendor,251,False
1f7a0488,4,2026-06-05 16:55:53.839783,Son,1275,False
a092d796,4,2026-06-07 08:13:53.839783,Grandchild,1252,False
53f87933,4,2026-06-09 21:18:53.839783,Gas Agency,722,False
1afa3450,4,2026-06-12 11:22:53.839783,Son,1044,False
f31dc973,4,2026-06-14 09:54:53.839783,Grandchild,1112,False
2fd818f8,4,2026-06-17 21:45:53.839783,Newspaper Vendor,636,False
09cbd411,4,2026-06-19 14:39:53.839783,Gas Agency,1098,False
c3cc4fd3,4,2026-06-30 11:17:53.839783,Cable TV,1001,False
c9b0270c,4,2026-07-06 11:21:53.839783,Cable TV,921,False
1edb21e1,4,2026-07-12 16:40:53.839783,Gas Agency,804,False
d151c170,4,2026-07-15 15:29:53.839783,Gas Agency,1302,False
5ef44650,4,2026-07-17 13:42:53.839783,Gas Agency,514,False
03d140bb,4,2026-07-19 11:34:53.839783,Cable TV,561,False
6ccc7025,4,2026-07-20 15:05:53.839783,Cable TV,979,False
57c40e27,4,2026-07-22 17:11:53.839783,Son,640,False
6b8e8de4,4,2026-07-24 09:21:53.839783,Son,947,False
bf4a972a,4,2026-07-26 10:55:53.839783,Grandchild,1197,False
0ff407d5,4,2026-08-02 12:14:53.839783,Gas Agency,1200,False
0f4729d2,4,2026-08-04 11:56:53.839783,Cable TV,457,False
e67cf067,4,2026-08-15 17:48:53.839783,Gas Agency,1852,False
9fed7988,4,2026-08-17 10:56:53.839783,Temple Donation,1483,False
a6511ce9,4,2026-08-20 15:43:53.839783,Son,461,False
e51a0f88,4,2026-08-24 11:05:53.839783,Gas Agency,895,False
9e0a3e8f,4,2026-09-01 13:33:53.839783,Temple Donation,1254,False
f522f9be,5,2026-06-05 21:15:53.839783,Water Bill,228,False
41f22535,5,2026-06-06 11:49:53.839783,Temple Donation,276,False
050bb36e,5,2026-06-07 19:13:53.839783,Son,285,False
e73dee39,5,2026-06-10 11:12:53.839783,Water Bill,201,False
03440882,5,2026-06-13 11:58:53.839783,Water Bill,254,False
941bfd42,5,2026-06-14 12:43:53.839783,Temple Donation,257,False
823f84bc,5,2026-06-18 12:56:53.839783,Temple Donation,494,False
e04b480a,5,2026-06-19 10:56:53.839783,Water Bill,351,False
4e146a7b,5,2026-06-20 10:29:53.839783,Water Bill,443,False
db985208,5,2026-06-23 14:04:53.839783,Gas Agency,321,False
4b652570,5,2026-06-25 10:28:53.839783,Gas Agency,193,False
c31b5401,5,2026-06-28 20:07:53.839783,Temple Donation,298,False
e6a80bbe,5,2026-07-03 17:44:53.839783,Son,354,False
8ec86f56,5,2026-07-20 13:50:53.839783,Son,168,False
11bacfa8,5,2026-07-21 15:30:53.839783,Gas Agency,365,False
6debc510,5,2026-07-22 17:07:53.839783,Temple Donation,343,False
e1ac791e,5,2026-07-23 13:16:53.839783,Gas Agency,488,False
9f0676e1,5,2026-07-28 16:28:53.839783,Water Bill,445,False
29b96ac6,5,2026-08-03 12:33:53.839783,Gas Agency,220,False
224021af,5,2026-08-07 10:10:53.839783,Water Bill,212,False
59c4deee,5,2026-08-11 12:16:53.839783,Temple Donation,156,False
9e45c833,5,2026-08-14 16:48:53.839783,Son,234,False
93fd7298,5,2026-08-16 11:42:53.839783,Gas Agency,349,False
cf14518e,5,2026-08-29 12:52:53.839783,Temple Donation,248,False
1ee68367,5,2026-08-30 20:04:53.839783,Temple Donation,313,False
68630f9a,5,2026-09-01 08:06:53.839783,Water Bill,287,False
340b3b7a,6,2026-06-15 12:38:53.839783,Grocery Store,1393,False
876d9366,6,2026-06-16 13:01:53.839783,Milk Vendor,734,False
d07687a3,6,2026-06-18 09:04:53.839783,Milk Vendor,1110,False
1d4e83c3,6,2026-06-19 12:56:53.839783,Grandchild,1685,False
d848489d,6,2026-06-23 10:31:53.839783,Milk Vendor,1167,False
94c4253c,6,2026-06-24 21:47:53.839783,Milk Vendor,788,False
94fc4c79,6,2026-07-08 09:49:53.839783,Newspaper Vendor,1215,False
4ec356ad,6,2026-07-18 20:53:53.839783,Gas Agency,1137,False
32f4637f,6,2026-07-21 20:38:53.839783,Milk Vendor,558,False
b1a49de0,6,2026-07-22 12:04:53.839783,Grandchild,649,False
84edd25e,6,2026-07-23 15:21:53.839783,Grandchild,639,False
a64eaec9,6,2026-07-26 20:00:53.839783,Gas Agency,259,False
fbcb16a7,6,2026-07-31 13:54:53.839783,Gas Agency,1131,False
5e4a326c,6,2026-08-08 18:48:53.839783,Milk Vendor,503,False
4a18fd02,6,2026-08-09 12:58:53.839783,Grandchild,1027,False
5456a9aa,6,2026-08-10 09:30:53.839783,Gas Agency,956,False
0894f6a2,6,2026-08-12 08:36:53.839783,Grandchild,1183,False
6566f9ad,6,2026-08-14 21:14:53.839783,Grandchild,1294,False
bf392c9d,6,2026-08-17 17:17:53.839783,Water Bill,1031,False
736acfa8,6,2026-08-27 11:58:53.839783,Gas Agency,1144,False
66d578a6,6,2026-08-28 12:51:53.839783,Milk Vendor,1101,False
93832284,6,2026-08-31 13:29:53.839783,Grandchild,1554,False
a41767ac,7,2026-06-08 09:17:53.839783,Milk Vendor,1659,False
8db27b3f,7,2026-06-10 15:13:53.839783,Temple Donation,552,False
194eb831,7,2026-06-26 21:43:53.839783,Local Pharmacy,938,False
b4811475,7,2026-06-27 16:07:53.839783,Grocery Store,1179,False
1ea5cdc5,7,2026-06-28 19:11:53.839783,Cable TV,985,False
ef4ee823,7,2026-07-02 17:12:53.839783,Milk Vendor,1350,False
2c902a1e,7,2026-07-04 10:09:53.839783,Local Pharmacy,747,False
a8e7f2bf,7,2026-07-09 13:13:53.839783,Gas Agency,1143,False
154a3863,7,2026-07-10 21:02:53.839783,Local Pharmacy,750,False
ad5f08ec,7,2026-07-11 20:01:53.839783,Grocery Store,1127,False
5e2384aa,7,2026-07-19 12:53:53.839783,Grocery Store,1141,False
3275abe8,7,2026-07-20 12:32:53.839783,Temple Donation,1264,False
ac9aeef0,7,2026-07-21 14:47:53.839783,Grocery Store,894,False
377de1eb,7,2026-07-25 15:49:53.839783,Local Pharmacy,529,False
c9d38926,7,2026-07-28 12:12:53.839783,Gas Agency,1049,False
1bfd6df5,7,2026-08-01 15:15:53.839783,Milk Vendor,1289,False
a9fc3234,7,2026-08-04 20:14:53.839783,Milk Vendor,1044,False
3da1ebe8,7,2026-08-12 10:50:53.839783,Temple Donation,1223,False
8ccd22f8,7,2026-08-20 09:38:53.839783,Local Pharmacy,1650,False
d70c7d8a,7,2026-08-24 15:20:53.839783,Local Pharmacy,1196,False
78c835a6,7,2026-08-29 14:07:53.839783,Grocery Store,941,False
21099425,7,2026-08-30 12:26:53.839783,Milk Vendor,1115,False
d653cafd,8,2026-06-06 14:54:53.839783,Grandchild,236,False
4f37952a,8,2026-06-07 19:09:53.839783,Grocery Store,435,False
5ebb5347,8,2026-06-08 08:47:53.839783,Daughter,337,False
65c7dc07,8,2026-06-14 18:30:53.839783,Daughter,230,False
1a4476d8,8,2026-06-17 15:17:53.839783,Grocery Store,389,False
6a1ac05b,8,2026-06-18 08:42:53.839783,Son,212,False
6c2892cb,8,2026-06-25 11:39:53.839783,Electricity Board,275,False
c7814520,8,2026-07-03 12:30:53.839783,Grandchild,262,False
713430df,8,2026-07-08 18:34:53.839783,Local Pharmacy,239,False
cf99656d,8,2026-07-10 21:21:53.839783,Local Pharmacy,287,False
747e2e2d,8,2026-07-11 11:52:53.839783,Electricity Board,273,False
c04dde85,8,2026-07-12 18:57:53.839783,Grocery Store,249,False
65152f9e,8,2026-07-15 08:27:53.839783,Local Pharmacy,343,False
96d5869e,8,2026-07-16 14:59:53.839783,Grandchild,363,False
d845b56f,8,2026-07-21 18:49:53.839783,Daughter,271,False
ef1f7eb9,8,2026-07-26 20:56:53.839783,Son,299,False
7968d31c,8,2026-07-29 19:33:53.839783,Grandchild,322,False
c01927b5,8,2026-08-01 16:09:53.839783,Electricity Board,403,False
30397339,8,2026-08-03 21:02:53.839783,Son,266,False
24236d87,8,2026-08-10 09:29:53.839783,Daughter,299,False
db856b1c,8,2026-08-11 19:50:53.839783,Son,263,False
caa19d61,8,2026-08-13 21:54:53.839783,Local Pharmacy,250,False
9b894b1e,8,2026-08-14 14:33:53.839783,Electricity Board,318,False
02cb0c70,8,2026-08-17 19:18:53.839783,Grandchild,158,False
b8864fdb,8,2026-08-18 09:20:53.839783,Local Pharmacy,380,False
0bd96510,8,2026-08-20 13:17:53.839783,Electricity Board,156,False
76fbc038,8,2026-08-30 08:05:53.839783,Daughter,109,False
8d536555,8,2026-09-02 18:01:53.839783,Grocery Store,314,False
6f80ed17,9,2026-06-06 19:17:53.839783,Cable TV,359,False
4e18f418,9,2026-06-07 11:12:53.839783,Cable TV,387,False
81f3e33a,9,2026-06-09 15:20:53.839783,Daughter,490,False
16e6e3b4,9,2026-06-12 13:42:53.839783,Cable TV,340,False
7b2a50f2,9,2026-06-17 09:50:53.839783,Cable TV,364,False
c4661908,9,2026-06-18 16:39:53.839783,Water Bill,400,False
20555675,9,2026-06-20 14:43:53.839783,Water Bill,379,False
63555a27,9,2026-06-21 13:55:53.839783,Daughter,145,False
4ada0b91,9,2026-06-22 14:16:53.839783,Water Bill,382,False
2e324514,9,2026-06-24 10:13:53.839783,Gas Agency,140,False
58733325,9,2026-06-27 16:39:53.839783,Cable TV,205,False
330e235e,9,2026-07-02 20:28:53.839783,Gas Agency,347,False
3e22379c,9,2026-07-07 08:46:53.839783,Gas Agency,398,False
a321197d,9,2026-07-19 20:15:53.839783,Water Bill,266,False
eb60c9e6,9,2026-07-24 11:56:53.839783,Daughter,109,False
165982f9,9,2026-07-25 21:50:53.839783,Daughter,306,False
be4945b7,9,2026-08-02 12:30:53.839783,Cable TV,304,False
fde2eaf1,9,2026-08-10 09:02:53.839783,Daughter,226,False
0f21da20,9,2026-08-12 20:05:53.839783,Daughter,314,False
6dd43014,9,2026-08-26 19:21:53.839783,Milk Vendor,238,False
b90a8f63,9,2026-08-27 20:31:53.839783,Water Bill,214,False
f72d67bc,9,2026-08-30 09:13:53.839783,Gas Agency,215,False
bbf99130,9,2026-09-01 21:05:53.839783,Gas Agency,280,False
db577d0c,10,2026-06-06 16:00:53.839783,Daughter,67,False
b17dc12c,10,2026-06-12 21:18:53.839783,Gas Agency,266,False
cc5fb63f,10,2026-06-17 13:37:53.839783,Gas Agency,206,False
82192149,10,2026-06-21 08:37:53.839783,Gas Agency,159,False
525337c9,10,2026-06-27 18:25:53.839783,Gas Agency,174,False
20f674b4,10,2026-07-04 09:15:53.839783,Gas Agency,238,False
0ac10155,10,2026-07-12 13:56:53.839783,Daughter,293,False
4ecff1ef,10,2026-07-13 18:33:53.839783,Gas Agency,85,False
83df89ff,10,2026-07-19 12:26:53.839783,Daughter,199,False
68cf7aa8,10,2026-07-20 11:34:53.839783,Gas Agency,209,False
4b293f3c,10,2026-07-23 13:44:53.839783,Temple Donation,221,False
ae31d958,10,2026-07-29 12:02:53.839783,Grandchild,222,False
d43a139f,10,2026-07-31 14:22:53.839783,Gas Agency,162,False
d9417f32,10,2026-08-03 13:11:53.839783,Grandchild,127,False
52d71aef,10,2026-08-04 17:12:53.839783,Grandchild,161,False
4e3a7dab,10,2026-08-07 14:28:53.839783,Gas Agency,290,False
035a71f4,10,2026-08-08 18:32:53.839783,Daughter,157,False
731a0289,10,2026-08-11 08:54:53.839783,Grandchild,330,False
ec1f2008,10,2026-08-19 13:11:53.839783,Temple Donation,166,False
abe10a87,10,2026-08-26 10:27:53.839783,Grandchild,203,False
96c26d65,10,2026-08-31 16:51:53.839783,Grandchild,270,False
3774c22c,11,2026-06-07 09:20:53.839783,Grandchild,929,False
e2be1cf0,11,2026-06-12 09:54:53.839783,Milk Vendor,502,False
951241a0,11,2026-06-13 19:03:53.839783,Grocery Store,695,False
1972951c,11,2026-06-14 19:10:53.839783,Electricity Board,976,False
dd7eb9ae,11,2026-06-17 21:50:53.839783,Grocery Store,1415,False
646234d7,11,2026-06-19 18:58:53.839783,Grocery Store,1253,False
700ffcea,11,2026-06-22 15:56:53.839783,Grandchild,1129,False
21fa5c9d,11,2026-06-25 17:05:53.839783,Electricity Board,1170,False
d0fbea9f,11,2026-06-26 12:33:53.839783,Grandchild,1232,False
04267d46,11,2026-06-27 15:52:53.839783,Son,905,False
2b43d70f,11,2026-06-28 14:26:53.839783,Milk Vendor,866,False
0b9ab7dc,11,2026-07-01 10:04:53.839783,Milk Vendor,704,False
87a4c51b,11,2026-07-03 10:54:53.839783,Milk Vendor,1435,False
54e2686b,11,2026-07-04 13:02:53.839783,Grocery Store,923,False
c06bf41c,11,2026-07-10 21:50:53.839783,Electricity Board,778,False
1dc3855a,11,2026-07-21 09:53:53.839783,Son,1348,False
7b3bf571,11,2026-07-25 15:26:53.839783,Grocery Store,1069,False
bae84776,11,2026-07-26 11:55:53.839783,Son,1226,False
c0043319,11,2026-07-27 18:43:53.839783,Son,942,False
edda0daa,11,2026-08-05 10:31:53.839783,Grandchild,920,False
24f81ad3,11,2026-08-09 08:32:53.839783,Electricity Board,737,False
971e59f1,11,2026-08-14 13:27:53.839783,Grandchild,1586,False
3117b273,11,2026-08-15 12:33:53.839783,Grocery Store,1269,False
c1da1fd1,11,2026-08-17 19:43:53.839783,Grandchild,1265,False
d9221bf7,11,2026-08-18 12:49:53.839783,Son,904,False
7d661b44,11,2026-08-21 15:14:53.839783,Grocery Store,784,False
24893dfb,11,2026-08-22 15:00:53.839783,Grocery Store,477,False
e8a842ff,11,2026-08-24 18:05:53.839783,Grandchild,721,False
b35b77f8,11,2026-08-26 10:18:53.839783,Grandchild,1244,False
4bb1b8ae,11,2026-08-28 17:39:53.839783,Grocery Store,825,False
fa9c7284,11,2026-08-29 20:55:53.839783,Grandchild,999,False
2f59dc17,11,2026-08-30 16:39:53.839783,Milk Vendor,1127,False
88c4512a,11,2026-08-31 10:46:53.839783,Milk Vendor,1535,False
078987a5,11,2026-09-01 08:54:53.839783,Grandchild,1156,False
9bc213db,12,2026-06-06 21:49:53.839783,Cable TV,314,False
b06510c2,12,2026-06-08 12:58:53.839783,Milk Vendor,263,False
4c3c6837,12,2026-06-10 19:53:53.839783,Temple Donation,355,False
51f7e3d4,12,2026-06-12 14:58:53.839783,Milk Vendor,204,False
409053e8,12,2026-06-22 09:16:53.839783,Local Pharmacy,109,False
d984b54a,12,2026-06-29 17:37:53.839783,Newspaper Vendor,484,False
67cc1995,12,2026-06-30 08:17:53.839783,Temple Donation,279,False
c70817d2,12,2026-07-02 20:52:53.839783,Milk Vendor,225,False
14379b9a,12,2026-07-03 09:32:53.839783,Temple Donation,284,False
79ffe063,12,2026-07-08 08:09:53.839783,Cable TV,362,False
944e4949,12,2026-07-13 17:06:53.839783,Newspaper Vendor,331,False
ec51d81f,12,2026-07-15 18:14:53.839783,Local Pharmacy,222,False
a9ffe7e0,12,2026-07-18 17:22:53.839783,Cable TV,333,False
79c46951,12,2026-07-23 14:36:53.839783,Cable TV,352,False
a5fbfd43,12,2026-07-25 21:41:53.839783,Cable TV,194,False
c3d3b765,12,2026-08-03 15:51:53.839783,Newspaper Vendor,376,False
55e7faa4,12,2026-08-04 09:45:53.839783,Cable TV,314,False
8a79118c,12,2026-08-06 14:12:00.000000,NewPayee_12_77916,100,True
91702c1b,12,2026-08-06 14:19:00.000000,NewPayee_12_77916,200,True
bb2b2987,12,2026-08-06 14:39:00.000000,NewPayee_12_77916,5400,True
a42c4307,12,2026-08-06 21:39:53.839783,Cable TV,348,False
4ef889cf,12,2026-08-07 09:37:53.839783,Temple Donation,270,False
327fb9c8,12,2026-08-18 19:14:53.839783,Temple Donation,300,False
f4db8b99,12,2026-08-20 12:31:53.839783,Cable TV,271,False
91b9d721,12,2026-08-24 09:36:53.839783,Cable TV,367,False
f3ec1e94,12,2026-08-28 20:11:53.839783,Temple Donation,295,False
0d9a50d9,12,2026-08-30 18:21:53.839783,Temple Donation,262,False
ae22e786,12,2026-09-01 12:42:53.839783,Milk Vendor,271,False
8fd3c117,13,2026-06-08 17:37:53.839783,Grocery Store,94,False
814ff8f4,13,2026-06-09 14:46:53.839783,Grandchild,298,False
08a03242,13,2026-06-12 09:50:53.839783,Grandchild,218,False
fb51647b,13,2026-06-15 09:04:53.839783,Newspaper Vendor,229,False
7bf0e073,13,2026-06-16 13:39:53.839783,Grocery Store,264,False
3135bfdc,13,2026-06-24 19:27:53.839783,Milk Vendor,104,False
ccfdd50e,13,2026-06-25 18:45:53.839783,Newspaper Vendor,153,False
335ebc38,13,2026-06-27 18:31:53.839783,Newspaper Vendor,88,False
f4a72aa2,13,2026-06-29 17:22:53.839783,Grandchild,138,False
4620cb26,13,2026-06-30 12:17:53.839783,Milk Vendor,202,False
75273ff4,13,2026-07-02 10:37:53.839783,Milk Vendor,61,False
f29f65e9,13,2026-07-03 14:32:53.839783,Newspaper Vendor,213,False
6d9a7c4b,13,2026-07-04 15:46:53.839783,Grocery Store,208,False
2ca35528,13,2026-07-06 13:27:53.839783,Newspaper Vendor,139,False
d45df34c,13,2026-07-11 10:38:53.839783,Milk Vendor,144,False
63a67afc,13,2026-07-13 20:50:53.839783,Milk Vendor,205,False
1f2ade67,13,2026-07-16 19:47:53.839783,Newspaper Vendor,332,False
99dd1032,13,2026-07-17 18:40:53.839783,Milk Vendor,236,False
5953fcf1,13,2026-07-22 21:59:53.839783,Grocery Store,152,False
4917dcf2,13,2026-07-25 19:00:53.839783,Newspaper Vendor,236,False
c9de936d,13,2026-07-26 17:33:53.839783,Newspaper Vendor,197,False
41198e89,13,2026-07-28 17:44:53.839783,Grocery Store,155,False
e607fb00,13,2026-08-02 11:42:53.839783,Grandchild,163,False
3fabf4b7,13,2026-08-03 17:34:53.839783,Newspaper Vendor,188,False
5991ecac,13,2026-08-04 11:15:53.839783,Milk Vendor,166,False
1e61ad35,13,2026-08-09 10:55:00.000000,NewPayee_13_526a0,500,True
0768ec31,13,2026-08-09 11:07:00.000000,NewPayee_13_526a0,1000,True
6a7f32cb,13,2026-08-09 11:27:00.000000,NewPayee_13_526a0,7800,True
1f6161a8,13,2026-08-09 12:51:53.839783,Newspaper Vendor,85,False
649b7b68,13,2026-08-10 13:15:53.839783,Grandchild,204,False
25d61068,13,2026-08-12 20:05:53.839783,Grandchild,240,False
b8cd5f49,13,2026-08-14 09:53:53.839783,Grocery Store,201,False
e4374fbb,13,2026-08-16 17:54:53.839783,Grocery Store,165,False
47b0a835,13,2026-08-22 18:36:53.839783,Milk Vendor,240,False
26857ab6,13,2026-08-26 19:02:53.839783,Newspaper Vendor,226,False
451e372f,13,2026-08-27 17:57:53.839783,Grandchild,119,False
2944c98b,13,2026-08-29 10:52:53.839783,Newspaper Vendor,188,False
b1752373,13,2026-08-30 21:44:53.839783,Grocery Store,200,False
7ce8d42c,13,2026-08-31 17:15:53.839783,Grocery Store,203,False
c97c27b9,13,2026-09-01 16:13:53.839783,Grandchild,197,False
c14c1176,14,2026-06-05 13:26:53.839783,Local Pharmacy,175,False
3b2ab74c,14,2026-06-06 18:40:53.839783,Son,566,False
1aa1eda4,14,2026-06-08 12:22:53.839783,Water Bill,451,False
cb32cce4,14,2026-06-09 14:20:53.839783,Son,223,False
9e52a5f0,14,2026-06-16 18:41:53.839783,Water Bill,359,False
0e96756c,14,2026-06-22 17:49:53.839783,Water Bill,200,False
c7c7d0c8,14,2026-06-24 10:22:53.839783,Milk Vendor,359,False
6093c8fc,14,2026-06-28 18:46:53.839783,Milk Vendor,253,False
73706a77,14,2026-06-30 09:28:53.839783,Water Bill,516,False
36066649,14,2026-07-01 20:09:53.839783,Son,246,False
2669bdaa,14,2026-07-02 12:13:53.839783,Son,284,False
9df2ebc2,14,2026-07-03 19:11:53.839783,Milk Vendor,424,False
e7eeece6,14,2026-07-09 16:13:53.839783,Water Bill,275,False
34889766,14,2026-07-10 17:03:53.839783,Grocery Store,387,False
9405a07d,14,2026-07-19 17:06:53.839783,Water Bill,133,False
82eabd9a,14,2026-07-21 17:56:53.839783,Milk Vendor,458,False
4529e217,14,2026-07-23 11:50:53.839783,Grocery Store,204,False
dfdaa5b7,14,2026-07-24 15:03:53.839783,Milk Vendor,353,False
1fd77661,14,2026-07-25 08:45:53.839783,Son,220,False
4f4c69b8,14,2026-08-02 10:43:53.839783,Grocery Store,346,False
176e55ec,14,2026-08-06 11:54:53.839783,Milk Vendor,317,False
15903348,14,2026-08-08 15:54:53.839783,Grocery Store,83,False
b290cd68,14,2026-08-09 11:12:53.839783,Grocery Store,322,False
edc685d2,14,2026-08-10 10:41:53.839783,Son,313,False
a0527739,14,2026-08-13 08:19:53.839783,Grocery Store,163,False
1cedc023,14,2026-08-15 20:35:53.839783,Milk Vendor,279,False
5b0d9e07,14,2026-08-16 10:54:53.839783,Grocery Store,217,False
6ffd9601,14,2026-08-19 09:59:53.839783,Milk Vendor,401,False
e8300414,14,2026-08-22 16:59:53.839783,Local Pharmacy,175,False
b2872ff8,14,2026-08-28 12:10:53.839783,Son,171,False
7e769ac6,14,2026-08-31 20:57:53.839783,Daughter,292,False
67eadc45,14,2026-09-02 16:03:53.839783,Local Pharmacy,245,False
f48c40d2,15,2026-06-06 20:11:53.839783,Gas Agency,190,False
d78e2611,15,2026-06-12 09:11:53.839783,Milk Vendor,301,False
be0db7d7,15,2026-06-13 15:29:53.839783,Gas Agency,226,False
2896e75f,15,2026-06-19 16:18:53.839783,Grandchild,245,False
0512e2a0,15,2026-06-24 10:03:53.839783,Newspaper Vendor,324,False
46aec8b7,15,2026-06-25 10:37:53.839783,Milk Vendor,181,False
42784dba,15,2026-06-26 10:22:53.839783,Grandchild,279,False
9d2fe6c3,15,2026-06-27 20:29:53.839783,Newspaper Vendor,190,False
10be85ca,15,2026-06-28 12:03:53.839783,Grandchild,226,False
b3aec919,15,2026-06-29 18:34:53.839783,Grandchild,311,False
b24c1b4a,15,2026-07-01 09:33:53.839783,Milk Vendor,322,False
494cdf5f,15,2026-07-05 09:21:53.839783,Newspaper Vendor,296,False
11233638,15,2026-07-07 18:52:53.839783,Newspaper Vendor,275,False
57ddd05a,15,2026-07-12 17:44:53.839783,Gas Agency,326,False
9612ef47,15,2026-07-15 09:14:53.839783,Grandchild,175,False
7bdd5b08,15,2026-07-16 20:56:53.839783,Milk Vendor,271,False
db70ae00,15,2026-07-20 17:43:53.839783,Gas Agency,282,False
bf5043ec,15,2026-07-24 09:16:53.839783,Milk Vendor,313,False
ab9ef4e5,15,2026-07-25 13:33:53.839783,Newspaper Vendor,324,False
b8c26296,15,2026-07-26 09:09:53.839783,Newspaper Vendor,385,False
39ad8c87,15,2026-07-28 08:55:53.839783,Gas Agency,257,False
665635ba,15,2026-08-01 19:57:53.839783,Milk Vendor,225,False
f66e1aaf,15,2026-08-02 15:04:53.839783,Newspaper Vendor,322,False
93c9d261,15,2026-08-04 21:35:53.839783,Newspaper Vendor,220,False
e475f836,15,2026-08-06 10:05:53.839783,Grandchild,306,False
2610f515,15,2026-08-07 16:51:53.839783,Gas Agency,348,False
77c48b22,15,2026-08-09 15:43:53.839783,Newspaper Vendor,267,False
0aa88ce6,15,2026-08-17 15:28:53.839783,Gas Agency,353,False
70de3a12,15,2026-08-19 16:24:53.839783,Newspaper Vendor,433,False
0654b7b8,15,2026-08-20 13:44:53.839783,Milk Vendor,347,False
bb7f5274,15,2026-08-21 08:35:53.839783,Gas Agency,231,False
0ede6442,15,2026-08-22 09:47:53.839783,Newspaper Vendor,229,False
25993e07,15,2026-08-24 08:20:53.839783,Grandchild,257,False
01ae78a3,15,2026-08-26 10:10:53.839783,Gas Agency,289,False
1e89bf85,15,2026-08-30 10:46:53.839783,Milk Vendor,343,False
58f678ae,15,2026-08-31 20:24:53.839783,Milk Vendor,195,False
dec21dc2,15,2026-09-01 14:08:53.839783,Milk Vendor,344,False
e702a883,16,2026-06-11 08:13:53.839783,Cable TV,876,False
08c7e5c8,16,2026-06-12 18:15:53.839783,Daughter,1267,False
fa611b23,16,2026-06-15 19:58:53.839783,Gas Agency,552,False
9a3a5f5c,16,2026-06-20 08:55:53.839783,Cable TV,858,False
9acf4c91,16,2026-06-21 13:44:53.839783,Gas Agency,444,False
6a5dc6a5,16,2026-06-22 21:29:53.839783,Gas Agency,1111,False
b7571701,16,2026-06-24 09:18:53.839783,Gas Agency,791,False
20663a53,16,2026-06-29 19:52:53.839783,Daughter,818,False
10ca49de,16,2026-07-02 19:21:53.839783,Milk Vendor,507,False
1ac6757c,16,2026-07-04 18:43:53.839783,Water Bill,910,False
e8a204ba,16,2026-07-10 13:33:53.839783,Son,1040,False
045f3815,16,2026-07-11 12:24:53.839783,Son,440,False
70d0e720,16,2026-07-13 18:35:53.839783,Son,1018,False
d43dc153,16,2026-07-15 12:06:53.839783,Milk Vendor,983,False
cff81fec,16,2026-07-18 13:47:53.839783,Cable TV,1182,False
9ef761f1,16,2026-07-21 21:47:53.839783,Water Bill,463,False
30e0612d,16,2026-07-25 11:19:53.839783,Gas Agency,976,False
bdf6de64,16,2026-07-26 21:31:53.839783,Cable TV,899,False
841bcba4,16,2026-07-28 21:07:53.839783,Gas Agency,1125,False
ccc78d46,16,2026-08-06 09:45:53.839783,Water Bill,1209,False
e33090be,16,2026-08-09 14:00:53.839783,Water Bill,1099,False
dd055b29,16,2026-08-10 19:14:53.839783,Daughter,1052,False
c9d041a9,16,2026-08-11 18:15:53.839783,Water Bill,695,False
77f69979,16,2026-08-12 17:14:53.839783,Water Bill,467,False
30c763ab,16,2026-08-15 18:20:53.839783,Gas Agency,863,False
4225dd1f,16,2026-08-16 21:56:53.839783,Cable TV,684,False
90778e49,16,2026-08-21 10:02:53.839783,Son,1072,False
3bbab2c9,16,2026-08-28 16:00:53.839783,Milk Vendor,818,False
4a2c4f38,16,2026-08-30 08:16:53.839783,Daughter,1015,False
57a39aea,16,2026-09-02 16:40:53.839783,Water Bill,864,False
d2fc13ec,17,2026-06-05 21:31:53.839783,Water Bill,688,False
14aa1cbc,17,2026-06-12 13:56:53.839783,Daughter,529,False
c8705804,17,2026-06-14 21:35:53.839783,Daughter,840,False
c0b19af1,17,2026-06-17 10:46:53.839783,Daughter,493,False
919b674e,17,2026-06-19 15:13:53.839783,Daughter,1298,False
dd01299a,17,2026-06-21 09:38:53.839783,Daughter,981,False
98830f62,17,2026-06-23 13:46:53.839783,Daughter,1183,False
88cdc674,17,2026-06-26 20:08:53.839783,Water Bill,934,False
d72a9c87,17,2026-06-29 20:26:53.839783,Electricity Board,1307,False
ab53edcc,17,2026-07-03 09:45:53.839783,Electricity Board,1790,False
7888ec3b,17,2026-07-04 08:29:53.839783,Daughter,998,False
fe6fe39d,17,2026-07-06 17:40:53.839783,Cable TV,508,False
2e85f417,17,2026-07-10 09:43:53.839783,Cable TV,927,False
03314dc1,17,2026-07-12 18:51:53.839783,Water Bill,907,False
d46bc5a6,17,2026-07-13 09:30:53.839783,Water Bill,1047,False
5be72b27,17,2026-07-14 13:14:53.839783,Daughter,1200,False
be41c56d,17,2026-07-15 17:47:53.839783,Cable TV,1315,False
aeab993b,17,2026-07-21 13:16:53.839783,Cable TV,966,False
5552b630,17,2026-07-26 16:03:53.839783,Electricity Board,1060,False
a0921a13,17,2026-07-28 20:22:53.839783,Water Bill,788,False
cf8026d9,17,2026-07-29 20:26:53.839783,Electricity Board,1775,False
0e4770f9,17,2026-08-04 16:23:53.839783,Cable TV,1116,False
c2eec74f,17,2026-08-05 19:48:53.839783,Daughter,732,False
f970c5de,17,2026-08-06 17:24:53.839783,Cable TV,1038,False
24377e5a,17,2026-08-12 20:55:53.839783,Cable TV,635,False
3cb1392e,17,2026-08-14 19:28:53.839783,Water Bill,754,False
1f45628c,17,2026-08-16 13:03:53.839783,Daughter,622,False
80f08b88,17,2026-08-19 18:06:53.839783,Daughter,817,False
586ba66c,17,2026-08-20 09:14:53.839783,Daughter,774,False
fb60e99c,17,2026-08-21 15:48:53.839783,Water Bill,1202,False
1fd28363,17,2026-08-22 11:50:53.839783,Cable TV,968,False
14a9a504,17,2026-08-25 17:40:53.839783,Cable TV,845,False
44a3548c,18,2026-06-07 09:16:53.839783,Daughter,1286,False
2c92e032,18,2026-06-08 08:39:53.839783,Newspaper Vendor,1531,False
8abebfef,18,2026-06-16 16:37:53.839783,Cable TV,902,False
3bd350a5,18,2026-06-17 11:55:53.839783,Daughter,1217,False
019cb352,18,2026-06-19 13:25:53.839783,Daughter,1020,False
3114103c,18,2026-06-25 19:44:53.839783,Cable TV,1064,False
cb69cc28,18,2026-06-26 15:49:53.839783,Newspaper Vendor,1087,False
ffd668b9,18,2026-06-30 19:40:53.839783,Electricity Board,379,False
05a8aacf,18,2026-07-03 11:24:53.839783,Newspaper Vendor,1267,False
aaa552c1,18,2026-07-06 09:49:53.839783,Cable TV,598,False
46272bd6,18,2026-07-08 10:52:53.839783,Newspaper Vendor,976,False
10594adc,18,2026-07-09 21:19:53.839783,Newspaper Vendor,1070,False
c47e0a7a,18,2026-07-11 17:19:53.839783,Cable TV,1064,False
86119546,18,2026-07-17 18:35:53.839783,Daughter,1105,False
22ef0de4,18,2026-07-18 10:38:53.839783,Local Pharmacy,1004,False
d38bca57,18,2026-07-24 13:27:53.839783,Cable TV,490,False
028e3360,18,2026-07-24 14:23:00.000000,NewPayee_18_00711,100,True
e5d7aeca,18,2026-07-24 14:36:00.000000,NewPayee_18_00711,200,True
2f9838e9,18,2026-07-24 14:50:00.000000,NewPayee_18_00711,200,True
37ed5094,18,2026-07-24 14:59:00.000000,NewPayee_18_00711,30000,True
2862b721,18,2026-07-26 16:45:53.839783,Newspaper Vendor,1746,False
d8de76ed,18,2026-07-30 09:50:53.839783,Cable TV,619,False
4c540e2d,18,2026-08-06 17:50:53.839783,Local Pharmacy,1669,False
e0f168a3,18,2026-08-11 16:47:53.839783,Electricity Board,1011,False
1acd4888,18,2026-08-14 11:12:53.839783,Newspaper Vendor,1112,False
a78ae359,18,2026-08-16 13:12:53.839783,Daughter,1062,False
b8235628,18,2026-08-19 14:42:53.839783,Local Pharmacy,1485,False
7d459235,18,2026-08-20 08:57:53.839783,Local Pharmacy,1461,False
3889285f,18,2026-08-24 15:42:53.839783,Electricity Board,1132,False
a8a7e4c0,18,2026-08-25 20:38:53.839783,Newspaper Vendor,1070,False
b9bc437e,18,2026-08-27 18:24:53.839783,Electricity Board,635,False
efe8c7f9,18,2026-08-30 08:37:53.839783,Newspaper Vendor,1351,False
6c26e2c7,18,2026-09-01 12:21:53.839783,Daughter,1110,False
ef317abf,19,2026-06-15 21:17:53.839783,Grocery Store,825,False
c05b0736,19,2026-06-19 16:19:53.839783,Grocery Store,1008,False
bd730f3e,19,2026-06-26 20:11:53.839783,Grandchild,686,False
bdc91e18,19,2026-06-27 09:35:53.839783,Son,863,False
a5c8fb30,19,2026-06-28 20:19:53.839783,Grocery Store,518,False
8aa4c87e,19,2026-07-02 19:52:53.839783,Milk Vendor,597,False
e451d47d,19,2026-07-05 21:57:53.839783,Son,132,False
768215d6,19,2026-07-06 11:34:53.839783,Milk Vendor,797,False
69d707a2,19,2026-07-08 11:53:53.839783,Grocery Store,748,False
14d4ff1f,19,2026-07-10 15:45:53.839783,Son,865,False
71f2961d,19,2026-07-11 17:31:53.839783,Grocery Store,921,False
94266b5e,19,2026-07-17 09:27:53.839783,Daughter,738,False
5940bafa,19,2026-07-21 16:57:53.839783,Grandchild,807,False
ed2f62d6,19,2026-07-22 16:45:53.839783,Son,523,False
71a6faa1,19,2026-07-25 12:12:53.839783,Son,125,False
8ddcc5e5,19,2026-07-27 11:34:53.839783,Grocery Store,1057,False
7c5e6f97,19,2026-08-06 10:39:53.839783,Grandchild,510,False
e118a96d,19,2026-08-07 15:37:53.839783,Grandchild,904,False
d8292938,19,2026-08-24 09:45:53.839783,Son,610,False
6da2558e,19,2026-08-30 20:40:53.839783,Grandchild,547,False
09bd93d4,19,2026-09-01 17:00:53.839783,Son,889,False
5a471288,20,2026-06-10 19:48:53.839783,Grocery Store,747,False
52da8d59,20,2026-06-12 16:30:53.839783,Grocery Store,1116,False
1eddf0ba,20,2026-06-13 21:43:53.839783,Grocery Store,735,False
76d9b639,20,2026-06-14 14:38:53.839783,Newspaper Vendor,1400,False
f0cf38b5,20,2026-06-17 15:49:53.839783,Electricity Board,575,False
7b619065,20,2026-06-22 15:40:53.839783,Grocery Store,1270,False
db66fa39,20,2026-06-26 18:22:53.839783,Newspaper Vendor,1178,False
e3ecad30,20,2026-06-27 21:59:53.839783,Grocery Store,1254,False
4c78de63,20,2026-06-28 13:33:53.839783,Local Pharmacy,1100,False
bb50c176,20,2026-07-02 20:29:53.839783,Electricity Board,842,False
59ce9593,20,2026-07-04 11:26:53.839783,Local Pharmacy,919,False
365bc446,20,2026-07-05 18:53:53.839783,Electricity Board,764,False
73c78d55,20,2026-07-09 08:59:53.839783,Local Pharmacy,1047,False
f3322d75,20,2026-07-10 19:33:53.839783,Grocery Store,1022,False
7574765d,20,2026-07-14 19:52:53.839783,Grocery Store,1082,False
0274daec,20,2026-07-22 13:52:53.839783,Electricity Board,1173,False
e9c0c7f9,20,2026-07-25 21:40:53.839783,Local Pharmacy,1533,False
c0c81b08,20,2026-07-27 14:10:53.839783,Local Pharmacy,1267,False
3a6399ca,20,2026-07-29 09:45:53.839783,Local Pharmacy,977,False
1ea3e8b0,20,2026-08-02 20:57:53.839783,Electricity Board,1013,False
9b51092c,20,2026-08-04 16:13:53.839783,Electricity Board,566,False
1fcb76c5,20,2026-08-09 18:27:53.839783,Local Pharmacy,692,False
924a7fd1,20,2026-08-10 08:16:53.839783,Local Pharmacy,1185,False
3a6b50e5,20,2026-08-11 18:01:53.839783,Local Pharmacy,645,False
8a3373db,20,2026-08-13 21:39:53.839783,Local Pharmacy,1037,False
eb2ced48,20,2026-08-17 20:47:53.839783,Grocery Store,531,False
762ccdfe,20,2026-08-18 14:43:53.839783,Newspaper Vendor,738,False
0ab54c59,20,2026-08-20 21:43:53.839783,Grocery Store,1633,False
b4e6fa85,20,2026-08-22 21:57:53.839783,Newspaper Vendor,951,False
57aef411,20,2026-08-25 20:44:53.839783,Newspaper Vendor,981,False
5da2f323,20,2026-08-28 12:55:53.839783,Newspaper Vendor,872,False
5b5a0761,20,2026-08-29 10:59:53.839783,Grocery Store,1416,False
cc810be2,20,2026-08-31 21:59:53.839783,Grocery Store,478,False
5b5c1d13,20,2026-09-02 12:22:53.839783,Grocery Store,1491,False
b21e4d05,21,2026-06-05 18:28:53.839783,Cable TV,994,False
8359bd4e,21,2026-06-06 14:01:53.839783,Son,1398,False
8b2f7e1e,21,2026-06-15 11:17:53.839783,Son,1325,False
a9b49154,21,2026-06-24 20:57:53.839783,Cable TV,315,False
e87b0ae3,21,2026-06-27 19:30:53.839783,Gas Agency,1385,False
d4eeda36,21,2026-07-02 14:51:53.839783,Milk Vendor,909,False
8e7fe401,21,2026-07-07 20:47:53.839783,Temple Donation,1300,False
0dab64ad,21,2026-07-08 12:32:53.839783,Cable TV,1271,False
e76ef387,21,2026-07-09 15:55:53.839783,Son,1416,False
a3eb2582,21,2026-07-16 12:59:53.839783,Cable TV,573,False
aa6c636d,21,2026-07-17 21:59:53.839783,Cable TV,647,False
1a4ec451,21,2026-07-20 20:24:53.839783,Gas Agency,503,False
c9f594b8,21,2026-07-22 09:07:53.839783,Cable TV,504,False
56ed40a1,21,2026-07-23 08:15:53.839783,Gas Agency,963,False
1884b34f,21,2026-07-26 21:07:53.839783,Milk Vendor,1177,False
40f62d6d,21,2026-07-31 16:27:53.839783,Temple Donation,889,False
f0a65aa7,21,2026-08-01 12:16:53.839783,Gas Agency,565,False
cce9ebbc,21,2026-08-03 18:00:53.839783,Cable TV,564,False
d43b25ca,21,2026-08-04 21:17:53.839783,Son,1267,False
f7ee1246,21,2026-08-13 08:50:53.839783,Son,907,False
f50cf23f,21,2026-08-17 16:54:53.839783,Son,908,False
311b6b6e,21,2026-08-18 11:34:53.839783,Son,750,False
63d9a3b2,21,2026-08-29 19:10:53.839783,Temple Donation,1157,False
9b681294,21,2026-08-30 08:23:53.839783,Gas Agency,839,False
dffd5d1b,21,2026-09-01 19:47:53.839783,Temple Donation,1235,False
dc3c2740,22,2026-06-06 11:27:53.839783,Cable TV,391,False
f2023f6e,22,2026-06-10 08:59:53.839783,Newspaper Vendor,780,False
6a748ebe,22,2026-06-13 18:34:53.839783,Newspaper Vendor,543,False
30e97303,22,2026-06-24 12:31:53.839783,Son,1275,False
feed1521,22,2026-06-25 19:48:53.839783,Grandchild,643,False
8516ecaf,22,2026-06-26 16:33:53.839783,Newspaper Vendor,767,False
a8ec77d5,22,2026-06-27 13:22:53.839783,Grandchild,697,False
fedfab23,22,2026-06-30 14:02:53.839783,Grandchild,768,False
19552d90,22,2026-07-01 20:29:53.839783,Grandchild,623,False
dc4dfa8c,22,2026-07-04 17:54:53.839783,Grandchild,143,False
5db058d9,22,2026-07-07 15:19:53.839783,Son,642,False
f88de978,22,2026-07-11 08:37:53.839783,Son,546,False
11c50c91,22,2026-07-27 09:48:53.839783,Newspaper Vendor,513,False
d2ca77c3,22,2026-08-02 19:36:53.839783,Milk Vendor,896,False
4b3cdca7,22,2026-08-04 12:03:53.839783,Cable TV,375,False
d2b816c6,22,2026-08-07 10:23:53.839783,Grandchild,746,False
79368ffc,22,2026-08-09 11:06:53.839783,Milk Vendor,574,False
3e5d5e7d,22,2026-08-17 12:26:53.839783,Son,874,False
813bc52b,22,2026-08-18 13:29:53.839783,Cable TV,914,False
4570b9bd,22,2026-08-24 08:17:53.839783,Milk Vendor,922,False
9e5d1f3b,22,2026-08-25 08:57:53.839783,Newspaper Vendor,570,False
8b363a4c,22,2026-08-25 13:57:00.000000,NewPayee_22_cf23e,1000,True
b802b647,22,2026-08-25 14:08:00.000000,NewPayee_22_cf23e,100,True
a27b85a4,22,2026-08-25 14:13:00.000000,NewPayee_22_cf23e,1000,True
5e5d1685,22,2026-08-25 14:22:00.000000,NewPayee_22_cf23e,31200,True
a74e094b,22,2026-08-26 09:09:53.839783,Temple Donation,566,False
27fd84eb,22,2026-08-31 14:11:53.839783,Grandchild,1206,False
ee3974f6,22,2026-09-02 08:02:53.839783,Son,478,False
d000393c,23,2026-06-05 09:53:53.839783,Grandchild,1058,False
bff2c646,23,2026-06-08 16:12:53.839783,Grocery Store,1390,False
920f671e,23,2026-06-12 15:14:53.839783,Newspaper Vendor,1400,False
ed3a2344,23,2026-06-14 08:53:53.839783,Cable TV,899,False
efa5e76a,23,2026-06-17 21:44:53.839783,Son,928,False
f1d3562a,23,2026-07-09 14:38:53.839783,Grandchild,744,False
9b66931d,23,2026-07-13 11:25:53.839783,Son,1047,False
80d4444f,23,2026-07-24 17:32:53.839783,Son,761,False
88f4aaa3,23,2026-07-27 12:34:53.839783,Grocery Store,471,False
9cd408c6,23,2026-08-03 11:42:53.839783,Cable TV,1083,False
24eafd4c,23,2026-08-05 18:06:53.839783,Cable TV,879,False
e9bddc06,23,2026-08-06 17:06:53.839783,Grocery Store,650,False
eba1cc93,23,2026-08-19 11:54:53.839783,Grandchild,1408,False
3eab4d85,23,2026-08-21 13:05:53.839783,Grocery Store,1407,False
a0d777d5,23,2026-08-22 18:32:53.839783,Newspaper Vendor,760,False
6887ecf9,23,2026-08-23 14:53:53.839783,Grocery Store,647,False
d0378abf,23,2026-08-27 20:38:53.839783,Cable TV,851,False
fb9afc66,23,2026-08-31 08:44:53.839783,Newspaper Vendor,885,False
46906156,23,2026-09-01 17:50:00.000000,NewPayee_23_63a83,200,True
5511ac05,23,2026-09-01 17:57:00.000000,NewPayee_23_63a83,500,True
ccbdc072,23,2026-09-01 18:12:00.000000,NewPayee_23_63a83,100,True
b7e42898,23,2026-09-01 18:21:00.000000,NewPayee_23_63a83,22000,True
fc1c2175,23,2026-09-01 19:45:53.839783,Cable TV,830,False
dae0b658,24,2026-06-13 16:15:53.839783,Daughter,167,False
90cb33ff,24,2026-06-17 16:16:53.839783,Cable TV,197,False
19e27ef3,24,2026-06-30 12:12:53.839783,Grandchild,187,False
66ddd251,24,2026-07-01 18:08:53.839783,Gas Agency,210,False
1c50aa63,24,2026-07-06 11:30:53.839783,Cable TV,265,False
95dc7f37,24,2026-07-07 12:45:53.839783,Daughter,130,False
0ec8434e,24,2026-07-09 18:00:53.839783,Gas Agency,144,False
a3616da0,24,2026-07-23 10:09:53.839783,Daughter,148,False
dfcd797f,24,2026-07-27 20:02:53.839783,Daughter,172,False
0602256c,24,2026-07-30 10:49:53.839783,Grandchild,210,False
d2e4ffec,24,2026-07-31 18:10:53.839783,Gas Agency,199,False
ae6ce4dd,24,2026-08-03 19:07:53.839783,Gas Agency,139,False
8b695960,24,2026-08-05 10:02:53.839783,Daughter,68,False
da1d1d60,24,2026-08-06 20:36:53.839783,Daughter,312,False
c8ef48c7,24,2026-08-09 16:03:53.839783,Cable TV,227,False
da87764e,24,2026-08-11 09:13:53.839783,Cable TV,159,False
a3c7ebfb,24,2026-08-12 14:11:53.839783,Cable TV,255,False
e7937997,24,2026-08-14 13:49:53.839783,Gas Agency,141,False
2f0ed615,24,2026-08-15 19:38:53.839783,Grandchild,145,False
96f2ecb6,24,2026-08-16 11:51:53.839783,Gas Agency,167,False
1ca176fa,24,2026-08-21 12:47:53.839783,Gas Agency,305,False
c071ce1f,24,2026-08-26 12:32:53.839783,Grandchild,147,False
b909db09,24,2026-08-28 10:01:53.839783,Daughter,188,False
21ff902c,24,2026-08-31 13:32:53.839783,Gas Agency,143,False
a78e787d,25,2026-06-06 20:08:53.839783,Water Bill,1335,False
0fc89f79,25,2026-06-18 19:27:53.839783,Cable TV,1338,False
b098287c,25,2026-06-24 20:34:53.839783,Electricity Board,1478,False
04dd8f7e,25,2026-06-25 15:41:53.839783,Newspaper Vendor,428,False
cca7f1f0,25,2026-06-27 11:32:53.839783,Cable TV,682,False
04ecb907,25,2026-06-30 11:13:53.839783,Newspaper Vendor,973,False
730f6581,25,2026-07-02 20:52:53.839783,Cable TV,1079,False
e02c8376,25,2026-07-04 19:37:53.839783,Newspaper Vendor,1051,False
6f4040f8,25,2026-07-05 19:42:53.839783,Electricity Board,1386,False
02712d9e,25,2026-07-06 17:39:53.839783,Cable TV,1543,False
2d151c5b,25,2026-07-10 20:03:53.839783,Cable TV,321,False
9e55a598,25,2026-07-13 08:54:53.839783,Cable TV,1286,False
a2588dce,25,2026-07-15 18:32:53.839783,Cable TV,1342,False
dacda2c0,25,2026-07-20 14:49:53.839783,Newspaper Vendor,788,False
7fac9b23,25,2026-07-22 16:07:53.839783,Cable TV,944,False
81bff68c,25,2026-07-27 09:26:53.839783,Water Bill,967,False
13ae761b,25,2026-07-29 09:33:53.839783,Electricity Board,1165,False
e23609c7,25,2026-07-30 18:23:53.839783,Electricity Board,325,False
efe65f2a,25,2026-08-04 18:31:53.839783,Water Bill,1028,False
ff2df219,25,2026-08-10 11:47:53.839783,Newspaper Vendor,1171,False
24fa41eb,25,2026-08-15 08:31:53.839783,Newspaper Vendor,621,False
79f7f93e,25,2026-08-16 19:52:53.839783,Water Bill,746,False
efbdb20b,25,2026-08-27 19:29:53.839783,Water Bill,1210,False
a478a237,25,2026-08-28 08:56:53.839783,Electricity Board,774,False
1b161499,26,2026-06-06 11:52:53.839783,Newspaper Vendor,252,False
86015de2,26,2026-06-07 13:10:53.839783,Cable TV,155,False
95ec9fed,26,2026-06-14 09:31:53.839783,Grandchild,292,False
54e79588,26,2026-06-18 17:41:53.839783,Grandchild,218,False
78dae4c6,26,2026-06-20 20:58:53.839783,Cable TV,247,False
e74b7aa6,26,2026-06-21 11:52:53.839783,Grandchild,174,False
22b3ed9e,26,2026-06-28 18:57:53.839783,Newspaper Vendor,160,False
88b489ca,26,2026-06-30 14:41:53.839783,Cable TV,210,False
b9944c87,26,2026-07-04 20:36:53.839783,Cable TV,210,False
2bbb1107,26,2026-07-05 10:41:53.839783,Grandchild,233,False
5aedae90,26,2026-07-06 19:04:53.839783,Grocery Store,129,False
0f631138,26,2026-07-10 21:34:53.839783,Cable TV,295,False
0493d373,26,2026-07-15 21:05:53.839783,Newspaper Vendor,218,False
7177ecd3,26,2026-07-17 17:15:53.839783,Grandchild,231,False
383a73b4,26,2026-07-20 21:30:53.839783,Newspaper Vendor,132,False
635d70ba,26,2026-07-22 09:44:53.839783,Cable TV,199,False
96f05286,26,2026-07-23 09:49:53.839783,Newspaper Vendor,255,False
34b69eb2,26,2026-07-26 13:14:53.839783,Newspaper Vendor,248,False
78c6e01a,26,2026-07-27 18:27:53.839783,Grocery Store,212,False
ebce9090,26,2026-07-29 19:00:53.839783,Grocery Store,304,False
14253243,26,2026-08-01 19:24:53.839783,Grocery Store,246,False
e04e991c,26,2026-08-03 19:27:53.839783,Cable TV,217,False
41bcdbfe,26,2026-08-06 16:35:53.839783,Grandchild,253,False
56395ddf,26,2026-08-07 19:56:53.839783,Newspaper Vendor,170,False
47b06705,26,2026-08-13 09:26:53.839783,Cable TV,308,False
7ef71197,26,2026-08-17 15:56:53.839783,Grocery Store,133,False
def74270,26,2026-08-22 11:38:53.839783,Grocery Store,255,False
63d4b390,26,2026-08-24 10:08:53.839783,Grocery Store,130,False
ef5a8c1b,26,2026-08-25 13:00:53.839783,Cable TV,200,False
1f493f51,26,2026-09-02 13:58:53.839783,Newspaper Vendor,209,False
992105a3,27,2026-06-05 16:47:53.839783,Temple Donation,461,False
c07fcdf9,27,2026-06-10 13:21:53.839783,Gas Agency,328,False
02602969,27,2026-06-13 13:07:53.839783,Temple Donation,322,False
9591e935,27,2026-06-14 13:15:53.839783,Temple Donation,307,False
82786a60,27,2026-06-19 13:02:53.839783,Gas Agency,50,False
923f208c,27,2026-06-26 15:41:53.839783,Cable TV,334,False
9d5f38ac,27,2026-06-28 19:01:53.839783,Cable TV,375,False
00312430,27,2026-07-01 19:43:53.839783,Cable TV,615,False
a945b7ec,27,2026-07-05 19:55:53.839783,Milk Vendor,252,False
b1cb4243,27,2026-07-06 12:35:53.839783,Milk Vendor,271,False
d4a3a46c,27,2026-07-07 09:09:53.839783,Cable TV,229,False
c0968c82,27,2026-07-08 16:45:53.839783,Cable TV,211,False
43cf5b6a,27,2026-07-12 18:42:53.839783,Gas Agency,263,False
978d8e64,27,2026-07-13 16:58:53.839783,Gas Agency,237,False
237eeb2e,27,2026-07-16 16:21:53.839783,Cable TV,393,False
fb36788c,27,2026-07-24 18:27:53.839783,Temple Donation,272,False
0efb600c,27,2026-08-02 21:13:53.839783,Milk Vendor,353,False
aaaacadf,27,2026-08-03 15:30:53.839783,Temple Donation,224,False
f71a42f0,27,2026-08-04 17:11:53.839783,Temple Donation,394,False
0c390c63,27,2026-08-07 12:10:53.839783,Temple Donation,502,False
ae73ae70,27,2026-08-20 13:49:53.839783,Gas Agency,373,False
a5eabcba,27,2026-08-22 11:32:53.839783,Gas Agency,382,False
67fc2290,27,2026-08-26 08:10:53.839783,Milk Vendor,442,False
c79c9a50,27,2026-08-30 09:53:53.839783,Milk Vendor,392,False
83201705,27,2026-09-02 17:59:53.839783,Temple Donation,274,False
3cd8c7d0,28,2026-06-06 18:24:53.839783,Son,1422,False
04597f02,28,2026-06-17 16:25:53.839783,Water Bill,964,False
eef586f7,28,2026-06-18 11:41:53.839783,Daughter,1544,False
aa709e29,28,2026-06-19 12:20:53.839783,Daughter,1213,False
f686539b,28,2026-06-21 16:58:53.839783,Son,604,False
2b60c8e1,28,2026-06-24 18:14:53.839783,Water Bill,773,False
8d94bd64,28,2026-06-25 20:33:53.839783,Milk Vendor,1631,False
8f838a5e,28,2026-06-28 18:52:53.839783,Temple Donation,1039,False
3f1bf64e,28,2026-06-29 13:15:53.839783,Milk Vendor,1242,False
ba79977e,28,2026-06-30 15:45:53.839783,Temple Donation,813,False
444e444c,28,2026-07-02 16:27:53.839783,Temple Donation,951,False
b803ceb0,28,2026-07-09 12:08:53.839783,Milk Vendor,979,False
a5ed3c0a,28,2026-07-12 17:35:53.839783,Water Bill,1450,False
e69add0f,28,2026-07-15 18:26:53.839783,Daughter,1167,False
eb5b5365,28,2026-07-18 13:06:53.839783,Temple Donation,1260,False
d8a49078,28,2026-07-19 20:28:53.839783,Water Bill,875,False
f699451c,28,2026-07-22 08:16:53.839783,Milk Vendor,1063,False
5e7716c9,28,2026-07-22 11:31:00.000000,NewPayee_28_6ae1e,1000,True
c518b7c2,28,2026-07-22 11:42:00.000000,NewPayee_28_6ae1e,100,True
051f6504,28,2026-07-22 11:58:00.000000,NewPayee_28_6ae1e,27000,True
6ed42d9c,28,2026-08-06 17:02:53.839783,Temple Donation,775,False
51d66804,28,2026-08-13 11:17:53.839783,Son,304,False
8a423e98,28,2026-08-14 15:36:53.839783,Milk Vendor,232,False
110c1d5f,28,2026-08-15 14:12:53.839783,Son,1039,False
923db972,28,2026-08-16 12:17:53.839783,Temple Donation,799,False
b986d86b,28,2026-08-20 18:10:53.839783,Milk Vendor,500,False
96b6d778,28,2026-08-22 11:09:53.839783,Daughter,1127,False
1e52deb8,28,2026-08-26 08:23:53.839783,Son,857,False
81ee272e,28,2026-08-29 13:12:53.839783,Milk Vendor,688,False
67e97b4e,28,2026-08-31 10:52:53.839783,Son,961,False
6c77484f,29,2026-06-05 20:57:53.839783,Water Bill,244,False
7fe5f2be,29,2026-06-12 14:37:53.839783,Grandchild,267,False
69a5063b,29,2026-06-25 14:15:53.839783,Local Pharmacy,142,False
9a02ca88,29,2026-06-27 17:26:53.839783,Cable TV,345,False
1976ad39,29,2026-06-29 18:02:53.839783,Local Pharmacy,335,False
26bd66f9,29,2026-06-30 13:01:53.839783,Cable TV,89,False
c3877946,29,2026-07-02 12:35:53.839783,Cable TV,265,False
d6afadd0,29,2026-07-10 21:02:53.839783,Water Bill,370,False
6933b6ca,29,2026-07-14 14:40:53.839783,Grandchild,254,False
75de10eb,29,2026-07-20 18:07:53.839783,Electricity Board,266,False
31a89b28,29,2026-07-25 17:51:53.839783,Water Bill,386,False
9d546b70,29,2026-08-02 11:00:53.839783,Electricity Board,284,False
25791d9a,29,2026-08-08 11:17:53.839783,Local Pharmacy,363,False
10360916,29,2026-08-09 13:57:53.839783,Local Pharmacy,289,False
fb734017,29,2026-08-10 11:59:53.839783,Water Bill,323,False
43cf94fe,29,2026-08-13 08:50:53.839783,Cable TV,266,False
1a5a85dd,29,2026-08-16 16:42:53.839783,Grandchild,503,False
5335d957,29,2026-08-20 11:24:53.839783,Grandchild,339,False
eaabad0d,29,2026-08-23 11:31:53.839783,Daughter,304,False
23b8d7cd,29,2026-08-24 13:54:53.839783,Grandchild,288,False
8fb1a92e,29,2026-08-26 14:20:53.839783,Daughter,440,False
8eb17ff4,29,2026-08-30 17:57:53.839783,Water Bill,216,False
f43c2b24,29,2026-09-01 21:07:53.839783,Electricity Board,195,False
f223159e,30,2026-06-06 19:25:53.839783,Electricity Board,1240,False
dea130ff,30,2026-06-11 20:07:53.839783,Grandchild,670,False
026d29d4,30,2026-06-14 12:44:53.839783,Water Bill,996,False
6c40c86c,30,2026-06-15 11:25:53.839783,Grandchild,866,False
6f7f5f78,30,2026-06-22 17:11:53.839783,Grandchild,811,False
b3c470a6,30,2026-06-24 11:29:53.839783,Milk Vendor,983,False
1bdc9e49,30,2026-07-05 10:28:53.839783,Grandchild,646,False
14656d7d,30,2026-07-09 09:23:53.839783,Water Bill,886,False
0df4f3dc,30,2026-07-11 19:28:53.839783,Water Bill,1362,False
0ae98252,30,2026-07-15 13:57:53.839783,Water Bill,730,False
6494c765,30,2026-07-16 21:22:53.839783,Milk Vendor,632,False
1f1e877f,30,2026-07-20 14:53:53.839783,Electricity Board,763,False
30421b74,30,2026-07-25 11:23:53.839783,Milk Vendor,1017,False
b0027f1d,30,2026-07-30 15:53:53.839783,Water Bill,1033,False
43f4aa3b,30,2026-07-31 09:25:53.839783,Electricity Board,760,False
827d88c2,30,2026-08-02 08:54:53.839783,Water Bill,1091,False
03fcc38e,30,2026-08-10 10:48:53.839783,Grandchild,1168,False
6f568c62,30,2026-08-11 13:09:53.839783,Milk Vendor,1243,False
a02a9f3a,30,2026-08-12 20:41:53.839783,Electricity Board,644,False
37a68614,30,2026-08-18 15:13:53.839783,Grandchild,969,False
17fcb05b,30,2026-08-21 10:48:53.839783,Grandchild,1539,False
4b1fc100,30,2026-08-24 12:04:53.839783,Milk Vendor,930,False
20be79b3,30,2026-08-26 11:05:53.839783,Son,740,False
673813b0,30,2026-08-28 14:13:53.839783,Electricity Board,866,False
a39430f6,30,2026-08-29 21:11:53.839783,Son,596,False
61acfb6a,30,2026-09-02 14:54:53.839783,Grandchild,780,False
f66ee88e,31,2026-06-07 20:52:53.839783,Temple Donation,181,False
abea48fc,31,2026-06-08 09:35:53.839783,Cable TV,102,False
677bc1c0,31,2026-06-10 09:32:53.839783,Milk Vendor,286,False
d34b021c,31,2026-06-12 21:51:53.839783,Milk Vendor,258,False
c3a1112c,31,2026-06-16 16:31:53.839783,Cable TV,212,False
39c13896,31,2026-06-17 20:49:53.839783,Local Pharmacy,304,False
5631d03c,31,2026-06-20 09:32:53.839783,Local Pharmacy,168,False
59f3e285,31,2026-06-21 12:02:53.839783,Milk Vendor,226,False
7bbc435b,31,2026-06-28 18:30:53.839783,Temple Donation,128,False
ec3c2168,31,2026-07-01 08:01:53.839783,Cable TV,102,False
24600022,31,2026-07-02 08:59:53.839783,Temple Donation,252,False
dc8d4086,31,2026-07-03 16:01:53.839783,Temple Donation,124,False
88fb4d26,31,2026-07-04 12:03:53.839783,Temple Donation,275,False
c4c955ec,31,2026-07-05 14:21:53.839783,Milk Vendor,108,False
cd4a9766,31,2026-07-09 11:05:53.839783,Milk Vendor,199,False
a4c3c177,31,2026-07-10 11:41:53.839783,Temple Donation,158,False
88935aca,31,2026-07-12 10:33:53.839783,Temple Donation,232,False
c2671af8,31,2026-07-16 10:53:53.839783,Local Pharmacy,138,False
4e8000c4,31,2026-07-23 09:57:53.839783,Local Pharmacy,284,False
3f970e19,31,2026-07-28 13:04:53.839783,Cable TV,237,False
dfd32b15,31,2026-07-29 17:23:53.839783,Temple Donation,241,False
af89c07f,31,2026-07-30 19:51:53.839783,Milk Vendor,189,False
bcacb932,31,2026-08-03 16:37:53.839783,Cable TV,237,False
23181767,31,2026-08-05 09:42:53.839783,Milk Vendor,237,False
f02dab12,31,2026-08-10 21:41:53.839783,Local Pharmacy,229,False
ab66cfde,31,2026-08-11 21:33:53.839783,Cable TV,186,False
58c4425b,31,2026-08-12 08:15:53.839783,Temple Donation,164,False
d097320b,31,2026-08-13 18:38:53.839783,Milk Vendor,289,False
af564be5,31,2026-08-15 19:07:53.839783,Cable TV,256,False
68a5dd84,31,2026-08-17 13:18:53.839783,Local Pharmacy,79,False
fc870889,31,2026-08-22 14:57:53.839783,Temple Donation,220,False
c253592f,31,2026-08-31 18:32:53.839783,Temple Donation,196,False
65332eae,31,2026-09-01 11:08:53.839783,Milk Vendor,183,False
4ffd8cd4,32,2026-06-07 12:11:53.839783,Grocery Store,856,False
a48168f1,32,2026-06-09 08:34:53.839783,Grandchild,750,False
a062fa3c,32,2026-06-15 10:59:53.839783,Water Bill,1267,False
2fc5d90b,32,2026-06-16 11:06:53.839783,Grocery Store,1233,False
7a9f2d60,32,2026-06-19 10:42:53.839783,Water Bill,645,False
fd5e2abe,32,2026-06-22 18:42:53.839783,Grocery Store,764,False
14c1106a,32,2026-06-23 12:54:53.839783,Electricity Board,510,False
50bc011f,32,2026-06-25 10:44:53.839783,Daughter,1045,False
641c1b00,32,2026-06-27 08:40:53.839783,Grocery Store,909,False
610b8302,32,2026-06-28 16:45:53.839783,Grocery Store,664,False
7ec98cba,32,2026-07-03 20:17:53.839783,Water Bill,697,False
53a8b715,32,2026-07-10 14:51:53.839783,Daughter,937,False
62d5f580,32,2026-07-15 21:32:53.839783,Electricity Board,795,False
9ffe4aa4,32,2026-07-18 17:23:53.839783,Temple Donation,434,False
5c12fad5,32,2026-07-21 18:43:53.839783,Temple Donation,903,False
6786f8a4,32,2026-07-23 15:34:53.839783,Electricity Board,967,False
3468aebd,32,2026-07-24 18:31:53.839783,Water Bill,693,False
3ed8d0fc,32,2026-07-26 18:33:53.839783,Daughter,937,False
716b9193,32,2026-07-27 14:14:53.839783,Electricity Board,863,False
239edbf2,32,2026-07-30 19:35:53.839783,Grandchild,768,False
88874547,32,2026-07-31 10:08:53.839783,Temple Donation,765,False
fcb08ca3,32,2026-08-01 18:39:53.839783,Grocery Store,590,False
73ad83cd,32,2026-08-04 12:08:53.839783,Temple Donation,819,False
88b9575d,32,2026-08-06 10:16:53.839783,Electricity Board,708,False
32b248b9,32,2026-08-07 21:43:53.839783,Electricity Board,528,False
6589ace1,32,2026-08-09 17:13:53.839783,Temple Donation,820,False
f3b1e0cc,32,2026-08-12 09:59:53.839783,Temple Donation,567,False
c0f52f8e,32,2026-08-18 11:10:53.839783,Daughter,548,False
a4b93baf,32,2026-08-19 11:09:53.839783,Grandchild,702,False
151e1b6a,32,2026-08-20 09:57:53.839783,Grandchild,1010,False
85c60304,32,2026-08-23 19:56:53.839783,Grocery Store,928,False
365091da,32,2026-08-27 15:37:53.839783,Daughter,980,False
fe979c89,32,2026-08-31 10:12:53.839783,Electricity Board,965,False
25804314,32,2026-09-02 09:39:53.839783,Electricity Board,172,False
aae2320e,33,2026-06-07 13:21:53.839783,Grocery Store,1067,False
131c7794,33,2026-06-08 21:18:53.839783,Grocery Store,1825,False
014113ac,33,2026-06-10 16:52:53.839783,Daughter,740,False
1195e2ca,33,2026-06-11 11:48:53.839783,Grocery Store,712,False
d362d970,33,2026-06-19 13:24:53.839783,Daughter,875,False
4124f3b8,33,2026-07-04 21:04:53.839783,Newspaper Vendor,935,False
37f3399f,33,2026-07-07 12:43:53.839783,Grocery Store,928,False
88e1a85b,33,2026-07-10 17:29:53.839783,Newspaper Vendor,641,False
c06badc4,33,2026-07-13 12:56:53.839783,Electricity Board,1374,False
a970202d,33,2026-07-23 09:26:53.839783,Local Pharmacy,1197,False
d9f1582c,33,2026-07-26 12:53:53.839783,Daughter,898,False
cf21729a,33,2026-07-30 16:37:53.839783,Electricity Board,1172,False
bfcfc247,33,2026-08-03 16:59:53.839783,Grocery Store,1237,False
ff9ea8e2,33,2026-08-04 19:36:53.839783,Newspaper Vendor,1585,False
78f633f1,33,2026-08-05 16:14:53.839783,Local Pharmacy,934,False
e3cd113a,33,2026-08-08 09:01:53.839783,Daughter,1208,False
382ae4f3,33,2026-08-12 11:56:53.839783,Newspaper Vendor,899,False
8f14d0db,33,2026-08-14 09:46:53.839783,Newspaper Vendor,1300,False
9fe7f7e9,33,2026-08-17 19:34:53.839783,Newspaper Vendor,1164,False
283799c8,33,2026-08-22 13:14:53.839783,Local Pharmacy,914,False
ba2f8b03,33,2026-08-24 18:17:53.839783,Daughter,1635,False
db5d286e,33,2026-08-26 10:28:53.839783,Daughter,1015,False
010c5428,34,2026-06-06 12:07:53.839783,Electricity Board,909,False
4b4205fb,34,2026-06-13 17:10:53.839783,Electricity Board,1021,False
4ae33ba5,34,2026-06-15 08:58:53.839783,Son,1338,False
cfc4c3a7,34,2026-06-25 19:11:53.839783,Electricity Board,1172,False
f43f8cc0,34,2026-06-27 19:15:53.839783,Temple Donation,1121,False
130db239,34,2026-06-29 21:36:53.839783,Electricity Board,1095,False
17f6fad8,34,2026-07-02 20:38:53.839783,Newspaper Vendor,1095,False
f38d0dc5,34,2026-07-03 17:30:53.839783,Electricity Board,906,False
918ea8db,34,2026-07-04 12:50:53.839783,Temple Donation,1181,False
df3c3e29,34,2026-07-05 14:33:53.839783,Temple Donation,854,False
797ec660,34,2026-07-07 14:11:53.839783,Electricity Board,740,False
0c6056b2,34,2026-07-08 14:28:53.839783,Electricity Board,1632,False
cf68938e,34,2026-07-09 17:52:53.839783,Son,934,False
57ff05c2,34,2026-07-11 20:24:53.839783,Newspaper Vendor,1229,False
e1f6c1de,34,2026-07-13 10:58:53.839783,Newspaper Vendor,986,False
8248215a,34,2026-07-18 08:45:53.839783,Temple Donation,1206,False
f8422437,34,2026-07-24 15:16:53.839783,Electricity Board,1413,False
4caef67b,34,2026-07-25 19:01:53.839783,Electricity Board,839,False
7b2690f7,34,2026-07-26 13:42:53.839783,Electricity Board,1018,False
e3a7a796,34,2026-07-29 16:52:53.839783,Temple Donation,454,False
bffdbf3b,34,2026-08-04 12:25:53.839783,Electricity Board,952,False
3e2764c3,34,2026-08-07 17:01:53.839783,Electricity Board,770,False
7d88af3d,34,2026-08-10 21:47:53.839783,Son,631,False
2a255326,34,2026-08-17 18:28:53.839783,Newspaper Vendor,1404,False
5afef0ca,34,2026-08-18 20:33:53.839783,Newspaper Vendor,1241,False
7b7540ca,34,2026-08-19 08:01:53.839783,Son,791,False
1cd35bc0,34,2026-08-20 18:22:53.839783,Temple Donation,1198,False
4958b282,34,2026-08-21 14:27:53.839783,Electricity Board,888,False
6eb77101,34,2026-08-24 10:19:53.839783,Electricity Board,1339,False
c746ce43,34,2026-08-25 16:27:53.839783,Newspaper Vendor,811,False
ccdcadaa,34,2026-08-26 20:06:53.839783,Newspaper Vendor,1284,False
9d605169,34,2026-08-27 14:57:53.839783,Temple Donation,1482,False
fa4b9dac,34,2026-08-28 18:46:53.839783,Newspaper Vendor,393,False
b04f68b9,34,2026-09-01 12:06:53.839783,Son,1184,False
b7de2148,35,2026-06-07 17:48:53.839783,Gas Agency,730,False
cc942df8,35,2026-06-08 15:52:53.839783,Gas Agency,402,False
21717bd6,35,2026-06-09 08:16:53.839783,Cable TV,319,False
1b2176e7,35,2026-06-10 17:29:53.839783,Daughter,925,False
26db80e1,35,2026-06-11 21:42:53.839783,Daughter,586,False
1d64bdad,35,2026-06-14 18:43:53.839783,Temple Donation,433,False
cfcae4ac,35,2026-06-21 13:09:53.839783,Gas Agency,665,False
1a0cedec,35,2026-06-27 14:50:53.839783,Daughter,689,False
68fcde28,35,2026-07-04 09:16:53.839783,Gas Agency,706,False
9c368c43,35,2026-07-05 13:35:53.839783,Temple Donation,659,False
b67a049b,35,2026-07-07 17:12:53.839783,Daughter,168,False
c37800a5,35,2026-07-08 16:54:53.839783,Daughter,326,False
5262b93c,35,2026-07-13 19:12:53.839783,Daughter,625,False
8ac115ec,35,2026-07-24 21:18:53.839783,Cable TV,666,False
14283590,35,2026-07-29 20:22:53.839783,Gas Agency,500,False
f6ff2fc0,35,2026-08-08 08:14:53.839783,Daughter,460,False
1f4cbfba,35,2026-08-17 21:32:53.839783,Daughter,401,False
483997b2,35,2026-08-18 19:53:53.839783,Daughter,338,False
3dd3596c,35,2026-08-27 08:38:53.839783,Daughter,601,False
b3fd322b,36,2026-06-09 08:04:53.839783,Daughter,517,False
59d8e93a,36,2026-06-12 12:41:53.839783,Daughter,783,False
dc3f197d,36,2026-06-17 19:00:53.839783,Temple Donation,515,False
17cb5a88,36,2026-06-18 14:47:53.839783,Newspaper Vendor,821,False
4c7db8f8,36,2026-06-23 09:54:53.839783,Electricity Board,614,False
1376117e,36,2026-06-27 14:42:53.839783,Daughter,492,False
c36e3d4b,36,2026-07-02 15:06:53.839783,Local Pharmacy,687,False
3a37a0f9,36,2026-07-17 09:42:53.839783,Electricity Board,757,False
fde703e9,36,2026-07-20 12:43:53.839783,Daughter,630,False
d8fd3b70,36,2026-07-24 13:32:53.839783,Newspaper Vendor,423,False
8e1e2ada,36,2026-07-27 16:10:53.839783,Electricity Board,574,False
16253e62,36,2026-08-04 18:13:53.839783,Temple Donation,402,False
a8962a55,36,2026-08-06 18:00:53.839783,Temple Donation,531,False
31bed102,36,2026-08-07 11:56:53.839783,Electricity Board,566,False
1c5a8347,36,2026-08-09 18:43:53.839783,Electricity Board,353,False
ea49c9bc,36,2026-08-15 20:48:53.839783,Local Pharmacy,316,False
7f94ee18,36,2026-08-17 08:03:53.839783,Local Pharmacy,547,False
e6bc5ab2,36,2026-08-19 10:16:53.839783,Electricity Board,675,False
f01c419f,36,2026-08-22 20:33:53.839783,Temple Donation,643,False
237b0cd1,36,2026-08-27 15:27:53.839783,Local Pharmacy,475,False
9b17e65d,36,2026-08-29 10:54:53.839783,Newspaper Vendor,711,False
a14b58d3,37,2026-06-05 21:44:53.839783,Grandchild,156,False
51671ee4,37,2026-06-10 19:47:53.839783,Water Bill,217,False
87cec915,37,2026-06-12 19:49:53.839783,Grandchild,176,False
d9489390,37,2026-06-16 11:43:53.839783,Newspaper Vendor,250,False
6f10c762,37,2026-06-18 09:32:53.839783,Grandchild,239,False
9c5b895c,37,2026-06-20 17:06:53.839783,Grandchild,116,False
fa261def,37,2026-06-24 14:56:53.839783,Grandchild,98,False
0b4cf60f,37,2026-06-25 21:45:53.839783,Newspaper Vendor,158,False
79efbed1,37,2026-06-29 09:42:53.839783,Newspaper Vendor,189,False
75097015,37,2026-07-08 08:03:53.839783,Milk Vendor,329,False
fd939069,37,2026-07-22 08:31:53.839783,Newspaper Vendor,219,False
26de922e,37,2026-07-24 12:48:53.839783,Milk Vendor,284,False
6f0c5e0d,37,2026-07-30 10:53:53.839783,Newspaper Vendor,299,False
f04d58c8,37,2026-08-02 12:24:53.839783,Grandchild,203,False
3dfa7729,37,2026-08-21 20:20:53.839783,Grandchild,319,False
590f94e7,37,2026-08-23 14:51:53.839783,Grandchild,196,False
6230a69f,37,2026-08-24 14:38:53.839783,Grandchild,225,False
98c19615,37,2026-08-26 19:34:53.839783,Milk Vendor,206,False
9c458f55,37,2026-08-28 12:13:53.839783,Milk Vendor,273,False
068b5a7a,37,2026-08-29 11:27:53.839783,Newspaper Vendor,119,False
fac2c3c1,38,2026-06-06 18:46:53.839783,Electricity Board,520,False
c12882a5,38,2026-06-09 17:24:53.839783,Grocery Store,429,False
9597ac37,38,2026-06-12 14:06:53.839783,Newspaper Vendor,492,False
4c0fc096,38,2026-06-15 19:56:53.839783,Cable TV,458,False
d23b0ad0,38,2026-06-16 18:31:53.839783,Electricity Board,755,False
7c5a339f,38,2026-06-19 20:26:53.839783,Cable TV,708,False
e6746772,38,2026-06-20 20:04:53.839783,Cable TV,349,False
89ac2e8e,38,2026-06-25 16:42:53.839783,Gas Agency,509,False
72eff9b1,38,2026-06-27 09:07:53.839783,Gas Agency,630,False
67f78cc0,38,2026-06-30 20:27:53.839783,Electricity Board,528,False
d307d582,38,2026-07-01 09:27:53.839783,Electricity Board,278,False
b3c41f36,38,2026-07-02 20:55:53.839783,Gas Agency,806,False
1f961862,38,2026-07-07 08:43:53.839783,Newspaper Vendor,513,False
b1e98143,38,2026-07-18 16:47:53.839783,Cable TV,524,False
4fec1cf6,38,2026-07-19 15:04:53.839783,Gas Agency,604,False
60a57e28,38,2026-07-25 10:39:53.839783,Grocery Store,667,False
b2522df2,38,2026-07-26 09:27:53.839783,Cable TV,277,False
08f80f1f,38,2026-07-27 14:46:53.839783,Grocery Store,848,False
f142fff1,38,2026-07-29 09:44:53.839783,Grocery Store,496,False
3534223f,38,2026-07-30 09:11:53.839783,Electricity Board,540,False
29c9be8c,38,2026-08-05 20:48:53.839783,Gas Agency,749,False
99f4aa43,38,2026-08-11 16:35:53.839783,Grocery Store,797,False
ba00f59a,38,2026-08-16 11:17:53.839783,Gas Agency,489,False
c048f933,38,2026-08-18 14:37:53.839783,Grocery Store,540,False
1719f916,38,2026-08-25 14:46:53.839783,Electricity Board,265,False
8bf37cae,38,2026-08-26 08:14:53.839783,Gas Agency,576,False
1273f9b4,38,2026-08-29 12:07:53.839783,Newspaper Vendor,590,False
8981e428,38,2026-08-30 14:16:53.839783,Gas Agency,656,False
4860a161,38,2026-09-01 17:09:53.839783,Cable TV,522,False
aaf45c13,39,2026-06-10 18:27:53.839783,Grocery Store,765,False
7b58c8e7,39,2026-06-14 15:49:53.839783,Son,687,False
840683b2,39,2026-06-15 16:56:53.839783,Son,1048,False
f1449d2c,39,2026-06-19 18:20:53.839783,Gas Agency,816,False
943d193e,39,2026-06-21 16:24:53.839783,Grocery Store,837,False
01595bd8,39,2026-06-24 12:49:53.839783,Grandchild,1238,False
f645963d,39,2026-06-28 19:53:53.839783,Son,812,False
afc7c8e0,39,2026-07-03 16:23:53.839783,Son,768,False
b0aec937,39,2026-07-11 09:06:53.839783,Grocery Store,444,False
9a63a7f7,39,2026-07-15 16:09:53.839783,Daughter,561,False
76d57212,39,2026-07-18 14:46:53.839783,Grandchild,644,False
e63bd33b,39,2026-07-19 13:54:53.839783,Son,1121,False
1c504851,39,2026-07-26 20:11:53.839783,Gas Agency,826,False
e9338fa7,39,2026-07-27 12:29:53.839783,Gas Agency,680,False
db4b6a4f,39,2026-07-30 09:39:53.839783,Daughter,896,False
01b8e188,39,2026-08-01 12:37:53.839783,Daughter,663,False
b8afbe74,39,2026-08-02 14:37:53.839783,Grandchild,559,False
9a639a60,39,2026-08-03 19:35:53.839783,Daughter,1532,False
102a09c3,39,2026-08-05 10:52:53.839783,Grocery Store,655,False
6bf3573d,39,2026-08-06 08:04:53.839783,Gas Agency,1146,False
91eb2a2b,39,2026-08-08 15:02:53.839783,Son,1111,False
513d25a2,39,2026-08-08 16:32:00.000000,NewPayee_39_4d16e,100,True
ea183e90,39,2026-08-08 16:35:00.000000,NewPayee_39_4d16e,100,True
303857d3,39,2026-08-08 16:47:00.000000,NewPayee_39_4d16e,100,True
e9ee123e,39,2026-08-08 16:58:00.000000,NewPayee_39_4d16e,17600,True
47cf451a,39,2026-08-10 09:19:53.839783,Temple Donation,906,False
843f2c2b,39,2026-08-11 10:51:53.839783,Daughter,900,False
5fdabfde,39,2026-08-18 16:09:53.839783,Grocery Store,825,False
027c761e,39,2026-08-22 10:39:53.839783,Gas Agency,1196,False
6d7f627b,39,2026-08-24 17:34:53.839783,Grocery Store,1218,False
2880bc65,39,2026-08-25 08:32:53.839783,Son,1120,False
41786a65,39,2026-08-31 11:42:53.839783,Grandchild,393,False
ab83b271,40,2026-06-07 21:33:53.839783,Cable TV,152,False
2c3ce771,40,2026-06-09 13:35:53.839783,Cable TV,94,False
11804620,40,2026-06-10 12:32:53.839783,Local Pharmacy,238,False
d6e4ace8,40,2026-06-14 12:19:53.839783,Cable TV,80,False
5b8f234d,40,2026-06-16 11:04:53.839783,Local Pharmacy,207,False
9d25f823,40,2026-06-17 18:18:53.839783,Cable TV,191,False
c3b5bb6d,40,2026-06-18 17:46:53.839783,Daughter,241,False
8fc90b8e,40,2026-06-20 21:40:53.839783,Local Pharmacy,156,False
d8fe9428,40,2026-06-26 19:49:53.839783,Gas Agency,165,False
05d012bc,40,2026-07-04 12:01:53.839783,Gas Agency,124,False
f27585d3,40,2026-07-05 13:48:53.839783,Local Pharmacy,135,False
d3e20586,40,2026-07-06 09:13:53.839783,Daughter,167,False
b80d689e,40,2026-07-07 20:22:53.839783,Cable TV,233,False
fc0f39e4,40,2026-07-08 08:43:53.839783,Cable TV,254,False
a696a6c3,40,2026-07-11 10:54:53.839783,Cable TV,146,False
d5daffc8,40,2026-07-15 21:55:53.839783,Gas Agency,309,False
9450f850,40,2026-07-19 14:02:53.839783,Cable TV,238,False
926ba2e8,40,2026-07-24 15:38:53.839783,Cable TV,238,False
0c76e23e,40,2026-07-26 12:11:53.839783,Gas Agency,196,False
b05b9f6f,40,2026-08-01 21:24:53.839783,Daughter,72,False
d5c1b368,40,2026-08-07 08:01:53.839783,Local Pharmacy,248,False
3eb1cbe4,40,2026-08-15 21:07:53.839783,Local Pharmacy,79,False
500f1508,40,2026-08-16 21:09:53.839783,Local Pharmacy,211,False
4ff15c03,40,2026-08-23 09:41:53.839783,Local Pharmacy,211,False
3099d07f,40,2026-08-29 11:13:53.839783,Gas Agency,144,False
21ffb657,40,2026-09-02 14:10:53.839783,Cable TV,246,False
bafa37b6,41,2026-06-05 09:53:53.839783,Gas Agency,1355,False
f6c63e0c,41,2026-06-09 15:34:53.839783,Water Bill,610,False
35599d3d,41,2026-06-19 18:55:53.839783,Grocery Store,814,False
adf044cb,41,2026-06-21 10:27:53.839783,Electricity Board,1153,False
fb625757,41,2026-06-24 12:14:53.839783,Grocery Store,1015,False
142ebf9f,41,2026-06-25 14:31:53.839783,Milk Vendor,807,False
aa64043e,41,2026-07-01 12:53:53.839783,Milk Vendor,748,False
10b483f9,41,2026-07-03 17:06:53.839783,Grocery Store,968,False
909d3ebf,41,2026-07-04 18:40:53.839783,Electricity Board,1092,False
80a5cea4,41,2026-07-05 10:49:53.839783,Water Bill,1551,False
e6030a6a,41,2026-07-07 19:16:53.839783,Gas Agency,1353,False
04d28169,41,2026-07-14 17:35:53.839783,Temple Donation,910,False
5b5498df,41,2026-07-15 10:00:53.839783,Gas Agency,1045,False
30fda748,41,2026-07-20 10:18:53.839783,Milk Vendor,1785,False
e4323781,41,2026-07-22 11:27:53.839783,Water Bill,1035,False
9e3b356a,41,2026-07-24 16:20:53.839783,Milk Vendor,899,False
9e016eae,41,2026-07-28 12:14:53.839783,Temple Donation,789,False
97432363,41,2026-07-30 10:41:53.839783,Milk Vendor,399,False
8891fcb8,41,2026-08-04 12:40:53.839783,Temple Donation,1233,False
81059a2c,41,2026-08-06 11:58:53.839783,Gas Agency,1017,False
e0e35796,41,2026-08-07 10:29:53.839783,Electricity Board,950,False
17f5c95c,41,2026-08-11 14:24:53.839783,Gas Agency,1320,False
34106a9b,41,2026-08-20 17:50:53.839783,Gas Agency,935,False
c633ee82,41,2026-08-21 18:54:53.839783,Electricity Board,1873,False
6649ddb5,41,2026-08-22 14:22:53.839783,Electricity Board,497,False
d3c2bc25,41,2026-08-26 16:44:53.839783,Temple Donation,1175,False
7048cd0f,41,2026-08-31 13:52:53.839783,Milk Vendor,961,False
9cd0c8eb,41,2026-09-02 20:54:53.839783,Water Bill,1047,False
6791b670,42,2026-06-10 19:44:53.839783,Electricity Board,1078,False
d2fb0e74,42,2026-06-11 17:04:53.839783,Daughter,519,False
6f88791d,42,2026-06-14 21:37:53.839783,Water Bill,525,False
38374bd7,42,2026-06-16 12:06:53.839783,Daughter,914,False
8bfc6439,42,2026-06-17 18:13:53.839783,Water Bill,561,False
7f4b5a49,42,2026-06-27 19:22:53.839783,Water Bill,822,False
bf4b8abd,42,2026-07-02 10:28:53.839783,Daughter,639,False
b224dec1,42,2026-07-03 08:08:53.839783,Electricity Board,675,False
9085ac5c,42,2026-07-04 18:01:53.839783,Electricity Board,871,False
50fabcdd,42,2026-07-08 11:42:53.839783,Daughter,759,False
22f5bd82,42,2026-07-11 10:45:53.839783,Grandchild,594,False
70b83a8c,42,2026-07-15 19:57:53.839783,Water Bill,659,False
e933d967,42,2026-07-16 21:05:53.839783,Daughter,838,False
abd55a60,42,2026-07-20 14:34:53.839783,Grandchild,1022,False
8f642b40,42,2026-07-24 11:10:53.839783,Electricity Board,923,False
8df86a47,42,2026-07-25 11:48:53.839783,Electricity Board,622,False
d1255392,42,2026-08-01 08:08:53.839783,Electricity Board,760,False
e2ccd0df,42,2026-08-05 10:25:53.839783,Grandchild,513,False
32b9c0bb,42,2026-08-05 12:34:00.000000,NewPayee_42_47f69,200,True
17f9686f,42,2026-08-05 12:38:00.000000,NewPayee_42_47f69,200,True
c267bcea,42,2026-08-05 12:47:00.000000,NewPayee_42_47f69,500,True
1a8c4d11,42,2026-08-05 13:03:00.000000,NewPayee_42_47f69,29600,True
08453abd,42,2026-08-14 17:48:53.839783,Water Bill,822,False
33a47c7d,42,2026-08-18 13:20:53.839783,Electricity Board,853,False
54669df7,42,2026-08-20 16:04:53.839783,Water Bill,727,False
6fa5ba33,42,2026-08-26 11:55:53.839783,Water Bill,842,False
53fefc8b,43,2026-06-07 20:25:53.839783,Daughter,167,False
12a65c2a,43,2026-06-08 08:48:53.839783,Newspaper Vendor,200,False
1e89cb29,43,2026-06-18 20:21:53.839783,Temple Donation,263,False
a2c6bf97,43,2026-06-26 18:32:53.839783,Newspaper Vendor,244,False
29b426f9,43,2026-07-01 20:45:53.839783,Temple Donation,233,False
2687da61,43,2026-07-02 12:48:53.839783,Gas Agency,280,False
d7909a47,43,2026-07-16 11:03:53.839783,Gas Agency,83,False
c84518f8,43,2026-07-19 11:36:53.839783,Temple Donation,218,False
ed25b33e,43,2026-07-20 10:37:53.839783,Newspaper Vendor,125,False
856ecf2e,43,2026-07-27 10:51:53.839783,Temple Donation,210,False
0882571b,43,2026-07-29 20:31:53.839783,Gas Agency,203,False
925d02fa,43,2026-07-30 15:46:53.839783,Daughter,253,False
d03afe69,43,2026-08-02 08:01:53.839783,Gas Agency,331,False
1e72db83,43,2026-08-03 16:22:00.000000,NewPayee_43_e1d4e,500,True
96eacd11,43,2026-08-03 16:27:00.000000,NewPayee_43_e1d4e,500,True
b80d2949,43,2026-08-03 16:36:00.000000,NewPayee_43_e1d4e,4600,True
331871c2,43,2026-08-03 18:50:53.839783,Gas Agency,219,False
4ad0d36a,43,2026-08-04 16:31:53.839783,Daughter,103,False
4896e0dc,43,2026-08-05 09:28:53.839783,Newspaper Vendor,281,False
c3ad340c,43,2026-08-06 18:45:53.839783,Temple Donation,198,False
6ca6bacc,43,2026-08-09 21:16:53.839783,Daughter,131,False
3778b1f6,43,2026-08-11 13:32:53.839783,Daughter,216,False
8f1adee7,43,2026-08-15 20:40:53.839783,Newspaper Vendor,277,False
c116cf8a,43,2026-08-16 19:50:53.839783,Newspaper Vendor,161,False
e5109bb3,43,2026-08-21 11:34:53.839783,Daughter,225,False
d3c2d459,43,2026-08-24 16:44:53.839783,Daughter,152,False
4257e8c9,43,2026-08-28 14:33:53.839783,Newspaper Vendor,201,False
1312cf2d,43,2026-08-30 21:14:53.839783,Gas Agency,109,False
fdf5029e,43,2026-08-31 18:07:53.839783,Gas Agency,226,False
768d87fa,43,2026-09-01 09:38:53.839783,Newspaper Vendor,139,False
ffddca29,44,2026-06-27 18:27:53.839783,Water Bill,829,False
48e0a3ec,44,2026-06-28 18:15:53.839783,Newspaper Vendor,915,False
da2cc287,44,2026-06-30 20:02:53.839783,Water Bill,823,False
87d1daf8,44,2026-07-01 09:13:53.839783,Grocery Store,920,False
fd5ce19a,44,2026-07-04 08:26:53.839783,Water Bill,580,False
b5445b88,44,2026-07-05 18:25:53.839783,Newspaper Vendor,731,False
32628775,44,2026-07-08 12:29:53.839783,Grocery Store,704,False
92f3dccd,44,2026-07-10 14:29:53.839783,Local Pharmacy,597,False
88f36601,44,2026-07-17 14:56:53.839783,Daughter,1292,False
6ef3139e,44,2026-07-18 16:48:53.839783,Water Bill,1073,False
a3b67af6,44,2026-07-19 18:17:53.839783,Daughter,744,False
3ddcb457,44,2026-07-23 17:51:53.839783,Newspaper Vendor,1505,False
dfc349d1,44,2026-07-28 08:34:53.839783,Local Pharmacy,709,False
d0e57b65,44,2026-07-29 21:54:53.839783,Water Bill,1126,False
934fabc6,44,2026-07-30 17:16:53.839783,Newspaper Vendor,386,False
afd33dd6,44,2026-08-01 21:58:53.839783,Local Pharmacy,1056,False
45f66621,44,2026-08-06 18:27:53.839783,Newspaper Vendor,1020,False
9b5d1205,44,2026-08-08 16:44:53.839783,Daughter,1230,False
cf0c46dd,44,2026-08-09 17:33:53.839783,Newspaper Vendor,1110,False
a028b2d1,44,2026-08-10 21:50:53.839783,Grocery Store,737,False
c10ab326,44,2026-08-12 19:02:53.839783,Local Pharmacy,1177,False
a190e4b0,44,2026-08-19 20:00:53.839783,Daughter,60,False
5254c953,44,2026-08-22 19:53:53.839783,Daughter,890,False
6e8f1097,44,2026-08-24 08:00:53.839783,Newspaper Vendor,1253,False
24ea5989,44,2026-08-27 10:00:53.839783,Grocery Store,1092,False
c3e36e7a,44,2026-08-28 21:06:53.839783,Water Bill,580,False
123bbc99,44,2026-08-29 09:02:53.839783,Daughter,850,False
06774309,44,2026-08-30 12:30:53.839783,Grocery Store,789,False
529c70bd,45,2026-06-13 18:43:53.839783,Milk Vendor,397,False
dab3afb0,45,2026-06-15 08:23:53.839783,Temple Donation,343,False
5982354f,45,2026-06-16 17:04:53.839783,Milk Vendor,234,False
ea982920,45,2026-06-17 21:30:53.839783,Milk Vendor,187,False
c9e3bfb8,45,2026-06-20 12:07:53.839783,Newspaper Vendor,329,False
80802f05,45,2026-07-01 20:20:53.839783,Milk Vendor,347,False
9721cffb,45,2026-07-03 10:36:53.839783,Local Pharmacy,293,False
b39bf1ed,45,2026-07-06 19:16:53.839783,Newspaper Vendor,138,False
0bc06196,45,2026-07-08 10:29:53.839783,Newspaper Vendor,253,False
7a24f13f,45,2026-07-15 08:44:53.839783,Newspaper Vendor,170,False
ec59b257,45,2026-07-16 11:27:53.839783,Local Pharmacy,263,False
4493fbb6,45,2026-07-18 14:17:53.839783,Temple Donation,179,False
537e1ed2,45,2026-07-19 17:06:53.839783,Newspaper Vendor,311,False
d9533639,45,2026-07-22 16:42:53.839783,Newspaper Vendor,139,False
a8a4b511,45,2026-07-23 20:26:53.839783,Local Pharmacy,208,False
307e5984,45,2026-07-25 18:42:53.839783,Temple Donation,242,False
b851ca1d,45,2026-07-26 21:29:53.839783,Newspaper Vendor,374,False
99e4d1a4,45,2026-07-27 14:21:53.839783,Newspaper Vendor,241,False
89a8bd6d,45,2026-07-30 18:09:53.839783,Milk Vendor,350,False
cee3a338,45,2026-07-31 14:37:53.839783,Temple Donation,284,False
69d5ca51,45,2026-08-01 18:06:53.839783,Newspaper Vendor,465,False
9f10e091,45,2026-08-02 12:52:53.839783,Local Pharmacy,242,False
1efad727,45,2026-08-03 15:36:53.839783,Milk Vendor,344,False
4f597f1d,45,2026-08-10 19:30:53.839783,Milk Vendor,188,False
57d94060,45,2026-08-16 13:03:53.839783,Newspaper Vendor,178,False
2de52786,45,2026-08-20 11:29:53.839783,Milk Vendor,349,False
5d67c481,45,2026-08-21 12:31:53.839783,Milk Vendor,251,False
d38ba3cc,45,2026-08-25 08:01:53.839783,Milk Vendor,269,False
fe6a8f09,45,2026-08-30 10:18:53.839783,Newspaper Vendor,180,False
bf429248,45,2026-08-31 09:53:53.839783,Temple Donation,232,False
a0dfd9ab,45,2026-09-02 14:14:53.839783,Temple Donation,232,False
43748602,46,2026-06-06 14:09:53.839783,Temple Donation,664,False
9d8b2afa,46,2026-06-08 17:03:53.839783,Son,1288,False
5955eddf,46,2026-06-12 11:29:53.839783,Local Pharmacy,848,False
9f8ebc68,46,2026-06-13 12:15:53.839783,Temple Donation,990,False
d57165a4,46,2026-06-15 08:46:53.839783,Temple Donation,1097,False
b7df49f0,46,2026-06-17 15:27:53.839783,Temple Donation,910,False
6ac87ab2,46,2026-06-19 21:46:53.839783,Local Pharmacy,1276,False
8f36b794,46,2026-06-22 08:35:53.839783,Son,1164,False
67cb36bf,46,2026-06-24 13:02:53.839783,Local Pharmacy,774,False
ec05d0e5,46,2026-06-27 16:10:53.839783,Temple Donation,793,False
faf1ab7a,46,2026-07-04 08:44:53.839783,Temple Donation,827,False
050f4545,46,2026-07-06 17:36:53.839783,Local Pharmacy,982,False
9f3b831b,46,2026-07-08 14:58:53.839783,Local Pharmacy,1210,False
0ee1263e,46,2026-07-09 14:00:53.839783,Temple Donation,929,False
0563b369,46,2026-07-12 14:19:53.839783,Grandchild,1260,False
1eccaa8c,46,2026-07-21 18:01:53.839783,Son,978,False
53358cf1,46,2026-07-27 17:36:53.839783,Grandchild,615,False
f6bbdca1,46,2026-07-30 21:16:53.839783,Son,1635,False
3a608ee9,46,2026-08-01 10:20:53.839783,Temple Donation,1288,False
5eaee5f2,46,2026-08-06 18:46:53.839783,Grandchild,1264,False
1af1cd8d,46,2026-08-08 13:12:53.839783,Son,885,False
f9704b3e,46,2026-08-11 16:06:53.839783,Temple Donation,902,False
d967a038,46,2026-08-12 11:32:53.839783,Grandchild,1221,False
b30b068e,46,2026-08-14 18:43:53.839783,Son,740,False
1edc25a9,46,2026-08-16 17:46:53.839783,Local Pharmacy,819,False
917d9472,46,2026-08-27 21:50:53.839783,Local Pharmacy,1586,False
75abcbe8,46,2026-08-28 12:34:53.839783,Local Pharmacy,1193,False
740b0e44,46,2026-09-02 13:03:53.839783,Temple Donation,742,False
9138e337,47,2026-06-08 10:48:53.839783,Cable TV,327,False
f79ea85b,47,2026-06-12 17:11:53.839783,Grocery Store,632,False
d20e91da,47,2026-06-13 15:05:53.839783,Grocery Store,553,False
530c6ff5,47,2026-06-16 19:12:53.839783,Local Pharmacy,489,False
c5caba4f,47,2026-06-21 11:59:53.839783,Grocery Store,557,False
497b4079,47,2026-06-23 14:08:53.839783,Grocery Store,498,False
eb66eefd,47,2026-06-27 13:51:53.839783,Local Pharmacy,585,False
84530b33,47,2026-06-29 18:54:53.839783,Local Pharmacy,437,False
b6c0e67b,47,2026-07-06 18:38:53.839783,Grocery Store,564,False
c97580dd,47,2026-07-07 13:33:53.839783,Grocery Store,527,False
cab1b785,47,2026-07-11 13:43:53.839783,Temple Donation,461,False
f96583c9,47,2026-07-20 15:43:53.839783,Grocery Store,727,False
2197aca5,47,2026-07-22 19:22:53.839783,Cable TV,496,False
c99da531,47,2026-07-26 09:49:53.839783,Local Pharmacy,406,False
0121a0d6,47,2026-07-29 19:34:53.839783,Temple Donation,410,False
a07aeb24,47,2026-07-31 10:28:00.000000,NewPayee_47_06051,500,True
941bcdc4,47,2026-07-31 10:43:00.000000,NewPayee_47_06051,100,True
0633ccdc,47,2026-07-31 10:57:00.000000,NewPayee_47_06051,13500,True
eecc40fe,47,2026-07-31 21:17:53.839783,Cable TV,560,False
88afaf31,47,2026-08-02 13:51:53.839783,Temple Donation,589,False
4af60c88,47,2026-08-03 14:56:53.839783,Cable TV,492,False
95d50a6d,47,2026-08-05 16:06:53.839783,Grocery Store,347,False
6cdfd4f1,47,2026-08-10 16:13:53.839783,Local Pharmacy,258,False
982b2e6d,47,2026-08-14 16:53:53.839783,Temple Donation,409,False
304be3ca,47,2026-08-20 17:16:53.839783,Grocery Store,501,False
17735395,47,2026-08-25 11:03:53.839783,Temple Donation,364,False
ca01b1de,47,2026-08-28 17:31:53.839783,Local Pharmacy,686,False
1549d0e7,48,2026-06-05 13:38:53.839783,Electricity Board,177,False
e3535b37,48,2026-06-07 20:51:53.839783,Daughter,218,False
162894af,48,2026-06-13 18:13:53.839783,Grocery Store,377,False
be84e32a,48,2026-06-15 12:37:53.839783,Newspaper Vendor,269,False
db34c6af,48,2026-06-19 14:39:53.839783,Newspaper Vendor,290,False
da800316,48,2026-06-26 10:47:53.839783,Newspaper Vendor,318,False
2a6f76e3,48,2026-06-27 10:36:53.839783,Grocery Store,308,False
449bcc3b,48,2026-06-29 21:59:53.839783,Daughter,354,False
caf86009,48,2026-07-04 16:42:53.839783,Daughter,359,False
c490559c,48,2026-07-06 21:30:53.839783,Grocery Store,423,False
ec6e99cb,48,2026-07-07 20:12:53.839783,Electricity Board,380,False
86b15a46,48,2026-07-11 21:47:53.839783,Daughter,324,False
7319bd0a,48,2026-07-14 09:06:53.839783,Temple Donation,388,False
a2441f23,48,2026-07-18 11:01:53.839783,Son,395,False
b93c59f6,48,2026-07-19 11:59:53.839783,Temple Donation,291,False
8b1dde6e,48,2026-07-22 14:21:53.839783,Newspaper Vendor,259,False
bf8b2605,48,2026-07-25 12:35:53.839783,Grocery Store,417,False
64a3f979,48,2026-07-26 18:31:53.839783,Temple Donation,270,False
cfa40379,48,2026-07-30 11:15:53.839783,Temple Donation,126,False
4637ada5,48,2026-08-02 18:51:53.839783,Temple Donation,226,False
038589a9,48,2026-08-04 08:03:53.839783,Grocery Store,330,False
765e97ad,48,2026-08-06 17:25:53.839783,Daughter,393,False
816afe1f,48,2026-08-08 16:28:53.839783,Newspaper Vendor,200,False
d1bc007d,48,2026-08-10 18:21:53.839783,Electricity Board,350,False
e74b2424,48,2026-08-12 14:06:53.839783,Temple Donation,228,False
fb26e335,48,2026-08-24 11:10:53.839783,Electricity Board,371,False
c5566f58,49,2026-06-05 13:06:53.839783,Daughter,965,False
bb2f2b44,49,2026-06-07 11:32:53.839783,Milk Vendor,958,False
bcb50cd8,49,2026-06-09 17:22:53.839783,Gas Agency,728,False
77798d17,49,2026-06-14 21:44:53.839783,Daughter,463,False
cfc06425,49,2026-06-15 19:59:53.839783,Grandchild,1220,False
5b896fb2,49,2026-06-17 16:12:53.839783,Gas Agency,1078,False
cbf791fa,49,2026-06-23 10:03:53.839783,Grandchild,1336,False
733aad60,49,2026-06-24 14:44:53.839783,Milk Vendor,986,False
3b02c2c1,49,2026-06-28 08:45:53.839783,Daughter,1150,False
22196d69,49,2026-07-03 09:23:53.839783,Milk Vendor,884,False
e92d73c9,49,2026-07-05 14:45:53.839783,Electricity Board,851,False
7bd52287,49,2026-07-09 18:16:53.839783,Milk Vendor,713,False
c0a82089,49,2026-07-10 15:40:53.839783,Milk Vendor,950,False
00e44207,49,2026-07-12 18:01:53.839783,Milk Vendor,757,False
bfc8a7eb,49,2026-07-16 11:19:53.839783,Daughter,467,False
9c421a2e,49,2026-07-20 14:37:53.839783,Gas Agency,1009,False
5464a265,49,2026-07-21 11:50:53.839783,Electricity Board,868,False
4d487f15,49,2026-07-25 16:14:53.839783,Grandchild,906,False
459ecd39,49,2026-07-26 14:46:53.839783,Daughter,667,False
81316d65,49,2026-07-27 10:31:53.839783,Daughter,1037,False
24d00bdf,49,2026-07-31 19:04:53.839783,Milk Vendor,1281,False
74971b2d,49,2026-08-03 16:33:53.839783,Gas Agency,902,False
8a2d81a2,49,2026-08-13 16:12:53.839783,Electricity Board,826,False
50328b6b,49,2026-08-15 14:41:53.839783,Electricity Board,991,False
151427f6,49,2026-08-23 21:29:53.839783,Milk Vendor,139,False
743880cc,49,2026-08-26 16:07:53.839783,Milk Vendor,744,False
9b1eaa66,49,2026-08-28 19:37:53.839783,Grandchild,1194,False
d7b1b88f,50,2026-06-08 21:40:53.839783,Milk Vendor,151,False
a897b8b2,50,2026-06-17 19:47:53.839783,Son,236,False
6a2761de,50,2026-06-19 09:12:53.839783,Temple Donation,176,False
22f88702,50,2026-06-20 16:52:53.839783,Milk Vendor,205,False
82925f33,50,2026-06-21 08:39:53.839783,Son,156,False
19c260a8,50,2026-06-26 17:16:53.839783,Gas Agency,115,False
50e1073c,50,2026-07-07 08:56:53.839783,Milk Vendor,210,False
70d2b3c6,50,2026-07-08 18:20:53.839783,Temple Donation,253,False
9f29e17f,50,2026-07-09 17:02:53.839783,Son,120,False
fd3db232,50,2026-07-13 14:46:53.839783,Newspaper Vendor,223,False
7ced174c,50,2026-07-15 10:32:53.839783,Newspaper Vendor,217,False
b5532f9b,50,2026-07-18 16:28:53.839783,Son,190,False
a22edfdb,50,2026-07-20 09:28:53.839783,Son,149,False
e267fe47,50,2026-07-21 12:40:53.839783,Son,163,False
1d661fab,50,2026-07-26 20:07:53.839783,Gas Agency,175,False
807d9526,50,2026-07-29 20:20:53.839783,Gas Agency,173,False
7d8bae82,50,2026-07-30 12:40:53.839783,Temple Donation,202,False
ef33f88d,50,2026-07-31 12:14:53.839783,Milk Vendor,223,False
261e4169,50,2026-08-05 20:08:53.839783,Temple Donation,274,False
6b5ce364,50,2026-08-07 17:17:53.839783,Milk Vendor,272,False
5302ba2f,50,2026-08-12 09:19:53.839783,Milk Vendor,257,False
d3f08e4e,50,2026-08-17 18:29:53.839783,Newspaper Vendor,140,False
bac52abb,50,2026-08-19 19:06:53.839783,Newspaper Vendor,202,False
8b425468,50,2026-08-20 11:38:53.839783,Gas Agency,177,False
4997675c,50,2026-08-21 14:02:53.839783,Newspaper Vendor,282,False
9eb6266a,50,2026-08-23 19:45:53.839783,Milk Vendor,61,False
1ed8de93,50,2026-08-24 19:19:53.839783,Son,202,False
d52b3f6f,50,2026-08-28 08:20:53.839783,Temple Donation,213,False
fce43cea,50,2026-08-29 13:49:53.839783,Son,102,False
71d897f2,50,2026-09-02 18:58:53.839783,Gas Agency,189,False
